Age,Gender,Education Level,Job Title,Years of Experience,Salary,Level
45.0,Male,PhD,Manager,15.0,150000.0,Senior
38.0,Male,PhD,Scientist,10.0,110000.0,Senior
39.0,Male,PhD,Engineer,12.0,115000.0,Senior
24.0,Male,Bachelor's,Developer,1.0,40000.0,Junior
43.0,Female,PhD,Consultant,15.0,140000.0,Senior
46.0,Male,PhD,Manager,20.0,170000.0,Senior
38.0,Male,PhD,Scientist,11.0,120000.0,Senior
43.0,Male,PhD,Engineer,17.0,140000.0,Senior
47.0,Male,PhD,Data Scientist,21.0,180000.0,Senior
26.0,Male,Bachelor's,Accountant,1.0,35000.0,Junior
49.0,Female,Master's,Financial Analyst,18.0,150000.0,Senior
32.0,Male,Master's,Software Engineer,6.0,100000.0,Senior
29.0,Female,Bachelor's,Designer,2.0,40000.0,Junior
27.0,Male,Bachelor's,Account Manager,2.0,45000.0,Junior
46.0,Male,Master's,Project Manager,21.0,135000.0,Senior
52.0,Female,Master's,Marketing Manager,25.0,170000.0,Senior
26.0,Male,Bachelor's,Software Developer,1.0,35000.0,Junior
49.0,Female,Master's,HR Manager,19.0,150000.0,Senior
33.0,Male,Bachelor's,Web Developer,5.0,50000.0,Junior
39.0,Female,Master's,Project Coordinator,13.0,80000.0,Senior
41.0,Female,Master's,Marketing Analyst,14.0,100000.0,Senior
42.0,Female,Master's,Graphic Designer,15.0,110000.0,Senior
32.0,Male,Master's,Business Analyst,6.0,90000.0,Senior
23.0,Female,Bachelor's,Marketing Analyst,0.5,35000.0,Junior
31.0,Male,Master's,Financial Analyst,6.0,95000.0,Senior
29.0,Female,Bachelor's,HR Generalist,3.0,45000.0,Junior
35.0,Male,Master's,Product Manager,10.0,120000.0,Senior
33.0,Female,Bachelor's,Operations Analyst,5.0,50000.0,Junior
44.0,Female,PhD,Scientist,16.0,140000.0,Senior
26.0,Male,Bachelor's,Accountant,2.0,40000.0,Junior
37.0,Female,Master's,HR Generalist,9.0,95000.0,Senior
34.0,Male,Master's,Software Developer,8.0,105000.0,Senior
29.0,Male,Bachelor's,Web Designer,3.0,45000.0,Junior
40.0,Female,Master's,Training Specialist,12.0,100000.0,Senior
47.0,Male,PhD,Research Scientist,22.0,160000.0,Senior
27.0,Male,Bachelor's,Sales Representative,1.0,35000.0,Junior
46.0,Male,Master's,Project Manager,19.0,140000.0,Senior
30.0,Female,Bachelor's,Marketing Manager,4.0,50000.0,Junior
36.0,Male,Bachelor's,Data Analyst,7.0,60000.0,Junior
43.0,Female,Master's,Product Marketing Manager,14.0,120000.0,Senior
28.0,Male,Bachelor's,Business Analyst,2.0,40000.0,Junior
41.0,Female,Master's,Marketing Manager,13.0,110000.0,Senior
33.0,Male,Bachelor's,Software Developer,5.0,50000.0,Junior
47.0,Male,Bachelor's,Sales Manager,20.0,135000.0,Senior
25.0,Female,Master's,Marketing Specialist,1.5,40000.0,Junior
34.0,Male,Bachelor's,Business Analyst,8.0,90000.0,Senior
42.0,Female,PhD,Data Scientist,16.0,150000.0,Senior
31.0,Male,Bachelor's,Project Manager,4.0,60000.0,Junior
38.0,Female,Bachelor's,Accountant,10.0,80000.0,Senior
29.0,Female,Bachelor's,Recruiter,3.0,45000.0,Junior
36.0,Male,Master's,Business Development Manager,11.0,120000.0,Senior
43.0,Female,PhD,Product Designer,18.0,140000.0,Senior
26.0,Male,Bachelor's,Customer Support Specialist,2.0,35000.0,Junior
37.0,Female,Master's,Marketing Analyst,9.0,95000.0,Senior
44.0,Male,Bachelor's,IT Support Specialist,14.0,110000.0,Senior
32.0,Female,Bachelor's,Financial Analyst,5.0,50000.0,Junior
33.0,Male,Master's,Operations Manager,7.0,115000.0,Senior
28.0,Male,Bachelor's,Software Engineer,2.0,40000.0,Junior
39.0,Female,Bachelor's,Sales Representative,12.0,90000.0,Senior
30.0,Female,Bachelor's,Copywriter,3.0,45000.0,Junior
35.0,Male,Bachelor's,Marketing Coordinator,7.0,80000.0,Senior
41.0,Female,Master's,Human Resources Manager,13.0,120000.0,Senior
27.0,Male,Bachelor's,Business Development Associate,1.5,35000.0,Junior
40.0,Female,Bachelor's,Account Manager,14.0,110000.0,Senior
46.0,Male,PhD,Researcher,18.0,150000.0,Senior
31.0,Female,Bachelor's,HR Coordinator,4.0,50000.0,Junior
34.0,Male,Master's,Software Engineer,9.0,105000.0,Senior
29.0,Male,Bachelor's,Marketing Coordinator,2.0,40000.0,Junior
43.0,Male,Bachelor's,Project Manager,16.0,140000.0,Senior
26.0,Female,Master's,Data Scientist,1.5,45000.0,Junior
35.0,Male,Bachelor's,Operations Analyst,7.0,85000.0,Senior
42.0,Female,PhD,Marketing Manager,18.0,140000.0,Senior
31.0,Male,Bachelor's,Accountant,4.0,50000.0,Junior
38.0,Female,Bachelor's,Human Resources Coordinator,10.0,80000.0,Senior
29.0,Female,Bachelor's,Sales Representative,2.0,40000.0,Junior
37.0,Male,Master's,Business Analyst,9.0,105000.0,Senior
44.0,Female,PhD,UX Designer,15.0,145000.0,Senior
27.0,Male,Bachelor's,Product Manager,2.0,40000.0,Junior
36.0,Female,Bachelor's,Marketing Specialist,8.0,85000.0,Senior
43.0,Male,Bachelor's,IT Project Manager,14.0,130000.0,Senior
33.0,Female,Master's,Financial Analyst,6.0,95000.0,Senior
34.0,Male,Bachelor's,Quality Assurance Analyst,9.0,100000.0,Senior
28.0,Male,Bachelor's,Operations Analyst,1.5,35000.0,Junior
39.0,Female,Bachelor's,Account Executive,12.0,95000.0,Senior
30.0,Female,Bachelor's,Social Media Manager,3.0,45000.0,Junior
34.0,Male,Bachelor's,Product Manager,7.0,95000.0,Senior
40.0,Female,Master's,Human Resources Specialist,13.0,120000.0,Senior
28.0,Male,Bachelor's,Business Analyst,2.0,40000.0,Junior
41.0,Female,Bachelor's,Marketing Coordinator,11.0,90000.0,Senior
45.0,Male,PhD,Data Analyst,17.0,155000.0,Senior
32.0,Female,Bachelor's,Account Manager,5.0,55000.0,Junior
35.0,Male,Master's,Software Developer,9.0,110000.0,Senior
30.0,Male,Bachelor's,Advertising Coordinator,3.0,45000.0,Junior
44.0,Male,Bachelor's,Sales Manager,16.0,130000.0,Senior
27.0,Female,Master's,UX Designer,1.5,45000.0,Junior
36.0,Male,Bachelor's,Accountant,7.0,90000.0,Senior
41.0,Female,PhD,Marketing Director,17.0,160000.0,Senior
31.0,Male,Bachelor's,HR Generalist,4.0,50000.0,Junior
39.0,Female,Bachelor's,Operations Manager,10.0,120000.0,Senior
30.0,Female,Bachelor's,Marketing Coordinator,2.0,40000.0,Junior
38.0,Male,Master's,IT Consultant,9.0,110000.0,Senior
45.0,Female,PhD,Product Designer,15.0,150000.0,Senior
28.0,Male,Bachelor's,Business Development Associate,2.0,40000.0,Junior
35.0,Female,Bachelor's,Marketing Analyst,8.0,85000.0,Senior
44.0,Male,Bachelor's,Software Engineer,14.0,130000.0,Senior
34.0,Female,Master's,Financial Advisor,6.0,100000.0,Senior
35.0,Male,Bachelor's,Project Coordinator,9.0,95000.0,Senior
29.0,Male,Bachelor's,Business Operations Analyst,1.5,35000.0,Junior
40.0,Female,Bachelor's,Sales Representative,12.0,100000.0,Senior
31.0,Female,Bachelor's,Social Media Specialist,3.0,45000.0,Junior
33.0,Male,Bachelor's,Product Development Manager,7.0,100000.0,Senior
42.0,Female,Master's,Human Resources Manager,13.0,140000.0,Senior
28.0,Male,Bachelor's,Financial Analyst,2.0,40000.0,Junior
40.0,Female,Bachelor's,Marketing Manager,11.0,105000.0,Senior
46.0,Male,PhD,Data Scientist,18.0,160000.0,Senior
33.0,Female,Bachelor's,Operations Manager,5.0,70000.0,Junior
37.0,Male,Master's,Software Architect,9.0,120000.0,Senior
30.0,Male,Bachelor's,Marketing Specialist,3.0,45000.0,Junior
43.0,Male,Bachelor's,Project Manager,15.0,120000.0,Senior
27.0,Female,Master's,Research Scientist,1.5,50000.0,Junior
35.0,Male,Bachelor's,Operations Analyst,8.0,85000.0,Senior
42.0,Female,PhD,Marketing Manager,13.0,140000.0,Senior
32.0,Male,Bachelor's,Sales Representative,3.0,45000.0,Junior
37.0,Female,Bachelor's,Financial Analyst,9.0,100000.0,Senior
45.0,Male,Master's,Software Developer,16.0,140000.0,Senior
33.0,Female,Bachelor's,Operations Analyst,5.0,70000.0,Junior
39.0,Male,Bachelor's,Marketing Specialist,10.0,120000.0,Senior
44.0,Female,PhD,HR Manager,18.0,160000.0,Senior
29.0,Male,Bachelor's,Business Analyst,1.5,40000.0,Junior
38.0,Female,Bachelor's,Product Manager,10.0,120000.0,Senior
46.0,Male,PhD,Data Analyst,19.0,150000.0,Senior
34.0,Female,Bachelor's,Marketing Analyst,6.0,70000.0,Junior
36.0,Male,Bachelor's,Operations Manager,8.0,95000.0,Senior
31.0,Male,Bachelor's,Financial Analyst,3.0,50000.0,Junior
41.0,Female,Bachelor's,Project Coordinator,11.0,95000.0,Senior
30.0,Female,Bachelor's,Marketing Coordinator,2.0,40000.0,Junior
38.0,Male,Master's,IT Consultant,9.0,110000.0,Senior
45.0,Female,PhD,Product Designer,15.0,150000.0,Senior
28.0,Male,Bachelor's,Business Development Associate,2.0,40000.0,Junior
35.0,Female,Bachelor's,Marketing Analyst,8.0,85000.0,Senior
44.0,Male,Bachelor's,Software Engineer,14.0,130000.0,Senior
34.0,Female,Master's,Financial Advisor,6.0,100000.0,Senior
35.0,Male,Bachelor's,Project Coordinator,9.0,95000.0,Senior
29.0,Male,Bachelor's,Business Operations Analyst,1.5,350.0,Junior
37.0,Female,Bachelor's,Financial Manager,10.0,120000.0,Senior
46.0,Male,PhD,Data Scientist,18.0,160000.0,Senior
31.0,Female,Bachelor's,Marketing Coordinator,3.0,50000.0,Junior
42.0,Male,Bachelor's,Operations Manager,12.0,110000.0,Senior
29.0,Female,Bachelor's,Sales Representative,1.5,40000.0,Junior
36.0,Male,Bachelor's,Marketing Specialist,8.0,95000.0,Senior
44.0,Female,Master's,HR Specialist,15.0,140000.0,Senior
33.0,Male,Bachelor's,Operations Manager,4.0,60000.0,Junior
39.0,Female,Bachelor's,Marketing Coordinator,9.0,110000.0,Senior
45.0,Male,PhD,Data Engineer,16.0,150000.0,Senior
32.0,Female,Bachelor's,Marketing Manager,4.0,60000.0,Junior
37.0,Male,Bachelor's,Financial Analyst,8.0,90000.0,Senior
30.0,Male,Bachelor's,Business Analyst,2.0,40000.0,Junior
38.0,Female,Bachelor's,Project Manager,9.0,120000.0,Senior
46.0,Male,PhD,Data Analyst,17.0,160000.0,Senior
34.0,Female,Bachelor's,Financial Analyst,5.0,70000.0,Junior
36.0,Male,Bachelor's,Product Manager,8.0,95000.0,Senior
31.0,Male,Bachelor's,Operations Analyst,3.0,50000.0,Junior
41.0,Female,Bachelor's,Project Coordinator,11.0,95000.0,Senior
29.0,Female,Bachelor's,Business Development Associate,1.5,35000.0,Junior
35.0,Male,Bachelor's,Financial Manager,9.0,100000.0,Senior
44.0,Female,PhD,Product Designer,15.0,150000.0,Senior
33.0,Male,Bachelor's,Business Analyst,4.0,60000.0,Junior
35.0,Female,Bachelor's,Marketing Analyst,8.0,85000.0,Senior
44.0,Male,Bachelor's,Software Engineer,13.0,130000.0,Senior
32.0,Male,Bachelor's,Product Manager,4.0,65000.0,Junior
38.0,Female,Bachelor's,Business Analyst,10.0,110000.0,Senior
29.0,Female,Bachelor's,Marketing Specialist,2.0,40000.0,Junior
35.0,Male,Bachelor's,Business Development Manager,7.0,90000.0,Senior
45.0,Female,Master's,HR Manager,14.0,140000.0,Senior
33.0,Male,Bachelor's,Financial Analyst,4.0,60000.0,Junior
40.0,Female,Bachelor's,Marketing Manager,12.0,130000.0,Senior
44.0,Male,PhD,Data Scientist,16.0,160000.0,Senior
30.0,Female,Bachelor's,Operations Coordinator,2.0,40000.0,Junior
37.0,Male,Bachelor's,Marketing Analyst,9.0,100000.0,Senior
31.0,Male,Bachelor's,Project Manager,3.0,55000.0,Junior
38.0,Female,Bachelor's,Operations Coordinator,9.0,120000.0,Senior
45.0,Male,PhD,Data Engineer,16.0,150000.0,Senior
33.0,Female,Bachelor's,Marketing Manager,5.0,70000.0,Junior
36.0,Male,Bachelor's,Business Analyst,8.0,95000.0,Senior
31.0,Male,Bachelor's,Operations Analyst,3.0,50000.0,Junior
42.0,Female,Bachelor's,Project Manager,12.0,120000.0,Senior
29.0,Female,Bachelor's,Business Development Associate,1.5,35000.0,Junior
35.0,Male,Bachelor's,Financial Manager,9.0,100000.0,Senior
44.0,Female,PhD,Product Designer,15.0,150000.0,Senior
33.0,Male,Bachelor's,Business Analyst,4.0,60000.0,Junior
35.0,Female,Bachelor's,Marketing Analyst,8.0,85000.0,Senior
44.0,Male,Bachelor's,Software Engineer,13.0,130000.0,Senior
34.0,Female,Master's,Financial Advisor,6.0,80000.0,Senior
36.0,Male,Bachelor's,Marketing Specialist,8.0,95000.0,Senior
30.0,Female,Bachelor's,HR Coordinator,2.0,40000.0,Junior
37.0,Male,Bachelor's,Business Development Manager,10.0,120000.0,Senior
45.0,Female,Master's,Marketing Manager,16.0,160000.0,Senior
32.0,Male,Bachelor's,Financial Advisor,4.0,65000.0,Junior
39.0,Female,Bachelor's,Project Manager,12.0,130000.0,Senior
29.0,Female,Bachelor's,Marketing Analyst,2.0,40000.0,Junior
36.0,Male,Bachelor's,Operations Manager,9.0,100000.0,Senior
43.0,Female,PhD,Data Scientist,15.0,150000.0,Senior
32.0,Male,Bachelor's,Marketing Coordinator,3.0,55000.0,Junior
38.0,Female,Bachelor's,Business Analyst,10.0,110000.0,Senior
31.0,Female,Bachelor's,Business Development Associate,3.0,50000.0,Junior
40.0,Male,Bachelor's,Financial Analyst,12.0,130000.0,Senior
45.0,Female,PhD,UX Designer,16.0,160000.0,Senior
33.0,Male,Bachelor's,Product Manager,4.0,60000.0,Junior
36.0,Female,Bachelor's,Marketing Manager,8.0,95000.0,Senior
29.0,Female,Bachelor's,Project Manager,2.0,40000.0,Junior
34.0,Male,Bachelor's,Operations Coordinator,7.0,90000.0,Senior
44.0,Female,PhD,Business Analyst,15.0,150000.0,Senior
33.0,Male,Bachelor's,Marketing Specialist,5.0,70000.0,Junior
35.0,Female,Bachelor's,Financial Manager,8.0,90000.0,Senior
31.0,Female,Bachelor's,Financial Analyst,3.0,50000.0,Junior
41.0,Male,Bachelor's,Product Manager,14.0,150000.0,Senior
44.0,Female,PhD,Data Engineer,16.0,160000.0,Senior
33.0,Male,Bachelor's,Business Analyst,4.0,60000.0,Junior
35.0,Female,Bachelor's,Marketing Analyst,8.0,85000.0,Senior
28.0,Female,Bachelor's,Operations Manager,1.0,35000.0,Junior
36.0,Male,Bachelor's,Business Development Manager,8.0,110000.0,Senior
44.0,Female,PhD,Data Scientist,16.0,160000.0,Senior
31.0,Male,Bachelor's,Marketing Coordinator,3.0,55000.0,Junior
38.0,Female,Bachelor's,Business Analyst,10.0,110000.0,Senior
31.0,Female,Bachelor's,Business Development Associate,3.0,50000.0,Junior
40.0,Male,Bachelor's,Financial Analyst,12.0,130000.0,Senior
45.0,Female,PhD,UX Designer,16.0,160000.0,Senior
33.0,Male,Bachelor's,Product Manager,4.0,60000.0,Junior
36.0,Female,Bachelor's,Marketing Manager,8.0,95000.0,Senior
29.0,Female,Bachelor's,Project Manager,2.0,40000.0,Junior
34.0,Male,Bachelor's,Operations Coordinator,7.0,90000.0,Senior
44.0,Female,PhD,Business Analyst,15.0,150000.0,Senior
33.0,Male,Bachelor's,Marketing Specialist,5.0,70000.0,Junior
35.0,Female,Bachelor's,Financial Manager,8.0,90000.0,Senior
31.0,Female,Bachelor's,Financial Analyst,3.0,50000.0,Junior
41.0,Male,Bachelor's,Product Manager,14.0,150000.0,Senior
44.0,Female,PhD,Data Engineer,16.0,160000.0,Senior
33.0,Male,Bachelor's,Business Analyst,4.0,60000.0,Junior
35.0,Female,Bachelor's,Marketing Analyst,8.0,85000.0,Senior
29.0,Female,Bachelor's,Project Manager,2.0,40000.0,Junior
34.0,Male,Bachelor's,Operations Coordinator,7.0,90000.0,Senior
44.0,Female,PhD,Business Analyst,15.0,150000.0,Senior
28.0,Male,Bachelor's,Software Engineer,7.0,175000.0,Senior
50.0,Male,PhD,Project Engineer,16.0,195000.0,Senior
35.0,Male,Master's,Software Engineer,8.0,155000.0,Senior
46.0,Female,Master's,Project Engineer,13.0,180000.0,Senior
41.0,Male,Master's,Software Engineer,11.0,165000.0,Senior
37.0,Male,Master's,Project Engineer,9.0,145000.0,Senior
37.0,Female,Master's,Software Engineer,9.0,155000.0,Senior
44.0,Female,Master's,Software Engineer,12.0,170000.0,Senior
27.0,Male,Bachelor's,Project Engineer,4.0,115000.0,Senior
35.0,Male,Master's,Software Engineer,7.0,140000.0,Senior
42.0,Female,Master's,Project Engineer,11.0,170000.0,Senior
49.0,Male,PhD,Project Engineer,15.0,185000.0,Senior
47.0,Male,PhD,Software Engineer,14.0,175000.0,Senior
42.0,Male,PhD,Software Engineer,14.0,170000.0,Senior
41.0,Female,Master's,Project Engineer,11.0,165000.0,Senior
37.0,Male,Master's,Software Engineer,8.0,150000.0,Senior
43.0,Female,PhD,Project Engineer,13.0,180000.0,Senior
44.0,Female,Master's,Software Engineer,12.0,170000.0,Senior
48.0,Male,PhD,Project Engineer,16.0,190000.0,Senior
45.0,Male,PhD,Software Engineer,13.0,185000.0,Senior
41.0,Female,Master's,Software Engineer,12.0,160000.0,Senior
47.0,Male,PhD,Software Engineer,15.0,180000.0,Senior
48.0,Male,PhD,Project Engineer,16.0,190000.0,Senior
45.0,Male,PhD,Project Engineer,14.0,185000.0,Senior
47.0,Female,PhD,Software Engineer,14.0,170000.0,Senior
45.0,Male,PhD,Project Engineer,14.0,185000.0,Senior
37.0,Male,Master's,Software Engineer,9.0,145000.0,Senior
44.0,Female,Master's,Project Engineer,12.0,170000.0,Senior
44.0,Female,Master's,Software Engineer,11.0,170000.0,Senior
42.0,Male,PhD,Project Engineer,14.0,175000.0,Senior
38.0,Male,Master's,Software Engineer,10.0,155000.0,Senior
31.0,Male,Master's,Project Engineer,6.0,125000.0,Senior
37.0,Male,Master's,Software Engineer,9.0,150000.0,Senior
31.0,Male,Master's,Software Engineer,7.0,140000.0,Senior
44.0,Male,Master's,Project Engineer,11.0,170000.0,Senior
45.0,Male,PhD,Project Engineer,14.0,185000.0,Senior
47.0,Female,PhD,Software Engineer,14.0,170000.0,Senior
43.0,Male,Master's,Project Engineer,12.0,165000.0,Senior
43.0,Male,PhD,Project Engineer,13.0,185000.0,Senior
36.0,Male,Master's,Software Engineer,7.0,140000.0,Senior
37.0,Male,Master's,Software Engineer,9.0,150000.0,Senior
43.0,Male,PhD,Software Engineer,12.0,170000.0,Senior
42.0,Male,PhD,Software Engineer,14.0,170000.0,Senior
48.0,Male,PhD,Project Engineer,16.0,190000.0,Senior
44.0,Male,PhD,Project Engineer,12.0,170000.0,Senior
37.0,Male,Master's,Software Engineer,10.0,155000.0,Senior
44.0,Female,Master's,Project Engineer,12.0,170000.0,Senior
48.0,Male,PhD,Project Engineer,16.0,190000.0,Senior
42.0,Male,PhD,Software Engineer,14.0,170000.0,Senior
41.0,Male,PhD,Project Engineer,12.0,165000.0,Senior
43.0,Male,PhD,Project Engineer,13.0,185000.0,Senior
44.0,Female,Master's,Software Engineer,11.0,170000.0,Senior
36.0,Male,Master's,Software Engineer,7.0,140000.0,Senior
37.0,Male,Master's,Software Engineer,9.0,145000.0,Senior
38.0,Male,Master's,Software Engineer,10.0,155000.0,Senior
31.0,Male,Master's,Project Engineer,6.0,125000.0,Senior
31.0,Male,Master's,Software Engineer,7.0,140000.0,Senior
42.0,Male,PhD,Software Engineer,14.0,170000.0,Senior
44.0,Male,Master's,Project Engineer,11.0,170000.0,Senior
37.0,Male,Master's,Software Engineer,9.0,150000.0,Senior
42.0,Male,PhD,Software Engineer,14.0,170000.0,Senior
43.0,Male,PhD,Project Engineer,13.0,185000.0,Senior
48.0,Male,PhD,Project Engineer,16.0,190000.0,Senior
37.0,Male,Master's,Software Engineer,9.0,145000.0,Senior
42.0,Male,PhD,Software Engineer,14.0,170000.0,Senior
43.0,Male,PhD,Project Engineer,12.0,165000.0,Senior
31.0,Male,Master's,Software Engineer,7.0,140000.0,Senior
37.0,Male,Master's,Software Engineer,10.0,155000.0,Senior
47.0,Male,PhD,Project Engineer,16.0,190000.0,Senior
45.0,Male,PhD,Project Engineer,14.0,185000.0,Senior
48.0,Male,PhD,Project Engineer,16.0,190000.0,Senior
37.0,Male,Master's,Software Engineer,9.0,150000.0,Senior
44.0,Female,Master's,Project Engineer,12.0,170000.0,Senior
38.0,Male,Master's,Software Engineer,10.0,155000.0,Senior
48.0,Male,PhD,Project Engineer,16.0,190000.0,Senior
42.0,Male,PhD,Software Engineer,14.0,170000.0,Senior
41.0,Male,PhD,Project Engineer,12.0,165000.0,Senior
43.0,Male,PhD,Project Engineer,13.0,185000.0,Senior
44.0,Female,Master's,Software Engineer,11.0,170000.0,Senior
36.0,Male,Master's,Software Engineer,7.0,140000.0,Senior
37.0,Male,Master's,Software Engineer,9.0,145000.0,Senior
38.0,Male,Master's,Software Engineer,10.0,155000.0,Senior
31.0,Male,Master's,Project Engineer,6.0,125000.0,Senior
31.0,Male,Master's,Software Engineer,7.0,140000.0,Senior
42.0,Male,PhD,Software Engineer,14.0,170000.0,Senior
44.0,Male,Master's,Project Engineer,11.0,170000.0,Senior
37.0,Male,Master's,Software Engineer,9.0,150000.0,Senior
42.0,Male,PhD,Software Engineer,14.0,170000.0,Senior
43.0,Male,PhD,Project Engineer,13.0,185000.0,Senior
48.0,Male,PhD,Project Engineer,16.0,190000.0,Senior
31.0,Male,Master's,Project Engineer,6.0,125000.0,Senior
40.0,Male,PhD,Software Engineer,12.0,160000.0,Senior
36.0,Male,Master's,Software Engineer,8.0,140000.0,Senior
44.0,Male,Master's,Project Engineer,11.0,170000.0,Senior
43.0,Male,PhD,Project Engineer,13.0,185000.0,Senior
38.0,Male,Master's,Software Engineer,10.0,155000.0,Senior
31.0,Male,Master's,Project Engineer,7.0,135000.0,Senior
48.0,Male,PhD,Project Engineer,16.0,190000.0,Senior
43.0,Male,PhD,Project Engineer,13.0,185000.0,Senior
44.0,Male,Master's,Project Engineer,11.0,170000.0,Senior
37.0,Male,Master's,Software Engineer,9.0,150000.0,Senior
31.0,Male,Master's,Project Engineer,6.0,125000.0,Senior
38.0,Male,Master's,Software Engineer,10.0,155000.0,Senior
43.0,Male,PhD,Project Engineer,13.0,185000.0,Senior
48.0,Male,PhD,Project Engineer,16.0,190000.0,Senior
44.0,Male,Master's,Project Engineer,11.0,170000.0,Senior
37.0,Male,Master's,Software Engineer,9.0,150000.0,Senior
31.0,Male,Master's,Project Engineer,7.0,135000.0,Senior
38.0,Male,Master's,Software Engineer,10.0,155000.0,Senior
44.0,Male,Master's,Project Engineer,11.0,170000.0,Senior
43.0,Male,PhD,Project Engineer,13.0,185000.0,Senior
48.0,Male,PhD,Project Engineer,16.0,190000.0,Senior
31.0,Male,Master's,Project Engineer,6.0,125000.0,Senior
37.0,Male,Master's,Software Engineer,9.0,150000.0,Senior
43.0,Female,Master's,Software Engineer,12.0,170000.0,Senior
40.0,Male,PhD,Software Engineer,12.0,160000.0,Senior
46.0,Male,PhD,Project Engineer,16.0,190000.0,Senior
41.0,Female,PhD,Project Engineer,11.0,165000.0,Senior
43.0,Male,PhD,Project Engineer,13.0,185000.0,Senior
36.0,Male,Master's,Software Engineer,8.0,140000.0,Senior
44.0,Male,Master's,Project Engineer,11.0,170000.0,Senior
31.0,Male,Master's,Project Engineer,6.0,125000.0,Senior
38.0,Male,Master's,Software Engineer,10.0,155000.0,Senior
31.0,Male,Master's,Software Engineer,7.0,140000.0,Senior
43.0,Male,PhD,Project Engineer,13.0,185000.0,Senior
48.0,Male,PhD,Project Engineer,16.0,190000.0,Senior
31.0,Male,Master's,Project Engineer,7.0,135000.0,Senior
40.0,Female,PhD,Software Engineer,12.0,160000.0,Senior
42.0,Male,PhD,Software Engineer,14.0,170000.0,Senior
43.0,Male,PhD,Project Engineer,13.0,185000.0,Senior
48.0,Male,PhD,Project Engineer,16.0,190000.0,Senior
31.0,Male,Master's,Project Engineer,6.0,125000.0,Senior
40.0,Male,PhD,Software Engineer,12.0,160000.0,Senior
36.0,Male,Master's,Software Engineer,8.0,140000.0,Senior
44.0,Male,Master's,Project Engineer,11.0,170000.0,Senior
43.0,Male,PhD,Project Engineer,13.0,185000.0,Senior
38.0,Male,Master's,Software Engineer,10.0,155000.0,Senior
31.0,Male,Master's,Project Engineer,7.0,135000.0,Senior
48.0,Male,PhD,Project Engineer,16.0,190000.0,Senior
43.0,Male,PhD,Project Engineer,13.0,185000.0,Senior
44.0,Male,Master's,Project Engineer,11.0,170000.0,Senior
37.0,Male,Master's,Software Engineer,9.0,150000.0,Senior
31.0,Male,Master's,Project Engineer,6.0,125000.0,Senior
42.0,Male,PhD,Software Engineer,14.0,170000.0,Senior
38.0,Male,Master's,Software Engineer,10.0,155000.0,Senior
43.0,Male,PhD,Project Engineer,13.0,185000.0,Senior
36.0,Male,Master's,Software Engineer,8.0,140000.0,Senior
48.0,Male,PhD,Project Engineer,16.0,190000.0,Senior
31.0,Male,Master's,Project Engineer,7.0,135000.0,Senior
40.0,Female,PhD,Software Engineer,12.0,160000.0,Senior
43.0,Male,PhD,Project Engineer,13.0,185000.0,Senior
48.0,Male,PhD,Project Engineer,16.0,190000.0,Senior
31.0,Male,Master's,Project Engineer,6.0,125000.0,Senior
40.0,Male,PhD,Software Engineer,12.0,160000.0,Senior
36.0,Male,Master's,Software Engineer,8.0,140000.0,Senior
44.0,Male,Master's,Project Engineer,11.0,170000.0,Senior
43.0,Male,PhD,Project Engineer,13.0,185000.0,Senior
38.0,Male,Master's,Software Engineer,10.0,155000.0,Senior
31.0,Male,Master's,Project Engineer,7.0,135000.0,Senior
48.0,Male,PhD,Project Engineer,16.0,190000.0,Senior
43.0,Male,PhD,Project Engineer,13.0,185000.0,Senior
44.0,Male,Master's,Project Engineer,11.0,170000.0,Senior
37.0,Male,Master's,Software Engineer,9.0,150000.0,Senior
31.0,Male,Master's,Project Engineer,6.0,125000.0,Senior
42.0,Male,PhD,Software Engineer,14.0,170000.0,Senior
38.0,Male,Master's,Software Engineer,10.0,155000.0,Senior
42.0,Male,PhD,Software Engineer,12.0,170000.0,Senior
47.0,Male,PhD,Project Engineer,16.0,190000.0,Senior
39.0,Female,Master's,Software Engineer,11.0,160000.0,Senior
46.0,Male,PhD,Project Engineer,14.0,180000.0,Senior
43.0,Male,PhD,Project Engineer,13.0,185000.0,Senior
40.0,Female,PhD,Software Engineer,12.0,160000.0,Senior
41.0,Male,PhD,Project Engineer,13.0,185000.0,Senior
47.0,Male,PhD,Project Engineer,16.0,190000.0,Senior
39.0,Female,Master's,Software Engineer,11.0,160000.0,Senior
46.0,Male,PhD,Project Engineer,14.0,180000.0,Senior
43.0,Male,PhD,Project Engineer,13.0,185000.0,Senior
40.0,Female,PhD,Software Engineer,12.0,160000.0,Senior
41.0,Male,PhD,Project Engineer,13.0,185000.0,Senior
47.0,Male,PhD,Project Engineer,16.0,190000.0,Senior
39.0,Female,Master's,Software Engineer,11.0,160000.0,Senior
46.0,Male,PhD,Project Engineer,14.0,180000.0,Senior
43.0,Male,PhD,Project Engineer,13.0,185000.0,Senior
40.0,Female,PhD,Software Engineer,12.0,160000.0,Senior
41.0,Male,PhD,Project Engineer,13.0,185000.0,Senior
47.0,Male,PhD,Project Engineer,16.0,190000.0,Senior
39.0,Female,Master's,Software Engineer,11.0,160000.0,Senior
46.0,Male,PhD,Project Engineer,14.0,180000.0,Senior
43.0,Male,PhD,Project Engineer,13.0,185000.0,Senior
40.0,Female,PhD,Software Engineer,12.0,160000.0,Senior
41.0,Male,PhD,Project Engineer,13.0,185000.0,Senior
47.0,Male,PhD,Project Engineer,16.0,190000.0,Senior
39.0,Female,Master's,Software Engineer,11.0,160000.0,Senior
46.0,Male,PhD,Project Engineer,14.0,180000.0,Senior
43.0,Male,PhD,Project Engineer,13.0,185000.0,Senior
40.0,Female,PhD,Software Engineer,12.0,160000.0,Senior
41.0,Male,PhD,Project Engineer,13.0,185000.0,Senior
47.0,Male,PhD,Project Engineer,16.0,190000.0,Senior
39.0,Female,Master's,Software Engineer,11.0,160000.0,Senior
46.0,Male,PhD,Project Engineer,14.0,180000.0,Senior
43.0,Male,PhD,Project Engineer,13.0,185000.0,Senior
40.0,Female,PhD,Software Engineer,12.0,160000.0,Senior
41.0,Male,PhD,Project Engineer,13.0,185000.0,Senior
51.0,Male,PhD,Project Engineer,19.0,200000.0,Senior
43.0,Female,PhD,Project Engineer,14.0,190000.0,Senior
50.0,Male,PhD,Project Engineer,18.0,195000.0,Senior
45.0,Male,PhD,Project Engineer,16.0,185000.0,Senior
46.0,Male,PhD,Project Engineer,15.0,180000.0,Senior
49.0,Female,PhD,Project Engineer,17.0,195000.0,Senior
46.0,Male,PhD,Project Engineer,15.0,180000.0,Senior
49.0,Female,PhD,Project Engineer,17.0,195000.0,Senior
46.0,Male,PhD,Project Engineer,15.0,180000.0,Senior
49.0,Female,PhD,Project Engineer,17.0,195000.0,Senior
46.0,Male,PhD,Project Engineer,15.0,180000.0,Senior
49.0,Female,PhD,Project Engineer,17.0,195000.0,Senior
46.0,Male,PhD,Project Engineer,15.0,180000.0,Senior
49.0,Female,PhD,Project Engineer,17.0,195000.0,Senior
46.0,Male,PhD,Project Engineer,15.0,180000.0,Senior
49.0,Female,PhD,Project Engineer,17.0,195000.0,Senior
46.0,Male,PhD,Project Engineer,15.0,180000.0,Senior
49.0,Female,PhD,Project Engineer,17.0,195000.0,Senior
46.0,Male,PhD,Project Engineer,15.0,180000.0,Senior
49.0,Female,PhD,Project Engineer,17.0,195000.0,Senior
46.0,Male,PhD,Project Engineer,15.0,180000.0,Senior
49.0,Female,PhD,Project Engineer,17.0,195000.0,Senior
46.0,Male,PhD,Project Engineer,15.0,180000.0,Senior
50.0,Male,PhD,Project Engineer,18.0,195000.0,Senior
44.0,Female,PhD,Project Engineer,14.0,190000.0,Senior
51.0,Male,PhD,Project Engineer,19.0,200000.0,Senior
45.0,Male,PhD,Project Engineer,16.0,185000.0,Senior
49.0,Male,PhD,Project Engineer,17.0,195000.0,Senior
43.0,Female,PhD,Project Engineer,14.0,190000.0,Senior
50.0,Male,PhD,Project Engineer,19.0,200000.0,Senior
45.0,Male,PhD,Project Engineer,16.0,185000.0,Senior
49.0,Male,PhD,Project Engineer,17.0,195000.0,Senior
43.0,Female,PhD,Project Engineer,14.0,190000.0,Senior
50.0,Male,PhD,Project Engineer,19.0,200000.0,Senior
45.0,Male,PhD,Project Engineer,16.0,185000.0,Senior
49.0,Male,PhD,Project Engineer,17.0,195000.0,Senior
43.0,Female,PhD,Project Engineer,14.0,190000.0,Senior
50.0,Male,PhD,Project Engineer,19.0,200000.0,Senior
45.0,Male,PhD,Project Engineer,16.0,185000.0,Senior
49.0,Male,PhD,Project Engineer,17.0,195000.0,Senior
43.0,Female,PhD,Project Engineer,14.0,190000.0,Senior
50.0,Male,PhD,Project Engineer,19.0,200000.0,Senior
45.0,Male,PhD,Project Engineer,16.0,185000.0,Senior
49.0,Male,PhD,Project Engineer,17.0,195000.0,Senior
43.0,Female,PhD,Project Engineer,14.0,190000.0,Senior
50.0,Male,PhD,Project Engineer,19.0,200000.0,Senior
45.0,Male,PhD,Project Engineer,16.0,185000.0,Senior
49.0,Male,PhD,Project Engineer,17.0,195000.0,Senior
43.0,Female,PhD,Project Engineer,14.0,190000.0,Senior
50.0,Male,PhD,Project Engineer,19.0,200000.0,Senior
45.0,Male,PhD,Project Engineer,16.0,185000.0,Senior
50.0,Male,PhD,Project Engineer,18.0,195000.0,Senior
43.0,Female,PhD,Project Engineer,14.0,190000.0,Senior
50.0,Male,PhD,Project Engineer,19.0,200000.0,Senior
45.0,Male,PhD,Project Engineer,16.0,185000.0,Senior
49.0,Male,PhD,Project Engineer,17.0,195000.0,Senior
43.0,Female,PhD,Project Engineer,14.0,190000.0,Senior
50.0,Male,PhD,Project Engineer,19.0,200000.0,Senior
45.0,Male,PhD,Project Engineer,16.0,185000.0,Senior
49.0,Male,PhD,Project Engineer,17.0,195000.0,Senior
43.0,Female,PhD,Project Engineer,14.0,190000.0,Senior
50.0,Male,PhD,Project Engineer,19.0,200000.0,Senior
45.0,Male,PhD,Project Engineer,16.0,185000.0,Senior
49.0,Male,PhD,Project Engineer,17.0,195000.0,Senior
43.0,Female,PhD,Project Engineer,14.0,190000.0,Senior
50.0,Male,PhD,Project Engineer,19.0,200000.0,Senior
45.0,Male,PhD,Project Engineer,16.0,185000.0,Senior
49.0,Male,PhD,Project Engineer,17.0,195000.0,Senior
43.0,Female,PhD,Project Engineer,14.0,190000.0,Senior
50.0,Male,PhD,Project Engineer,19.0,200000.0,Senior
45.0,Male,PhD,Project Engineer,16.0,185000.0,Senior
49.0,Male,PhD,Project Engineer,17.0,195000.0,Senior
43.0,Female,PhD,Project Engineer,14.0,190000.0,Senior
50.0,Male,PhD,Project Engineer,19.0,200000.0,Senior
45.0,Male,PhD,Project Engineer,16.0,185000.0,Senior
49.0,Male,PhD,Project Engineer,17.0,195000.0,Senior
43.0,Female,PhD,Project Engineer,14.0,190000.0,Senior
50.0,Male,PhD,Project Engineer,19.0,200000.0,Senior
45.0,Male,PhD,Project Engineer,16.0,185000.0,Senior
43.0,Male,PhD,Project Engineer,15.0,180000.0,Senior
44.0,Female,PhD,Project Engineer,16.0,190000.0,Senior
49.0,Female,PhD,Project Engineer,19.0,210000.0,Senior
50.0,Male,PhD,Project Engineer,18.0,195000.0,Senior
43.0,Female,PhD,Project Engineer,14.0,190000.0,Senior
50.0,Male,PhD,Project Engineer,19.0,200000.0,Senior
45.0,Male,PhD,Project Engineer,16.0,185000.0,Senior
49.0,Male,PhD,Project Engineer,17.0,195000.0,Senior
43.0,Female,PhD,Project Engineer,14.0,190000.0,Senior
50.0,Male,PhD,Project Engineer,19.0,200000.0,Senior
45.0,Male,PhD,Project Engineer,16.0,185000.0,Senior
49.0,Male,PhD,Project Engineer,17.0,195000.0,Senior
43.0,Female,PhD,Project Engineer,14.0,190000.0,Senior
46.0,Female,PhD,Project Engineer,16.0,185000.0,Senior
44.0,Female,PhD,Project Engineer,16.0,190000.0,Senior
49.0,Female,PhD,Project Engineer,19.0,210000.0,Senior
50.0,Male,PhD,Project Engineer,18.0,195000.0,Senior
43.0,Female,PhD,Project Engineer,14.0,190000.0,Senior
50.0,Male,PhD,Project Engineer,19.0,200000.0,Senior
45.0,Male,PhD,Project Engineer,16.0,185000.0,Senior
49.0,Male,PhD,Project Engineer,17.0,195000.0,Senior
43.0,Female,PhD,Project Engineer,14.0,190000.0,Senior
50.0,Male,PhD,Project Engineer,19.0,200000.0,Senior
45.0,Male,PhD,Project Engineer,16.0,185000.0,Senior
49.0,Male,PhD,Project Engineer,17.0,195000.0,Senior
43.0,Female,PhD,Project Engineer,14.0,190000.0,Senior
44.0,Male,PhD,Data Scientist,15.0,180000.0,Senior
36.0,Male,PhD,Data Scientist,12.0,170000.0,Senior
36.0,Male,PhD,Data Scientist,12.0,170000.0,Senior
36.0,Male,PhD,Data Scientist,12.0,170000.0,Senior
36.0,Male,PhD,Data Scientist,12.0,170000.0,Senior
36.0,Male,PhD,Data Scientist,12.0,170000.0,Senior
36.0,Male,PhD,Data Scientist,12.0,170000.0,Senior
36.0,Male,PhD,Data Scientist,12.0,170000.0,Senior
43.0,Male,Master's,Software Engineer,21.0,187081.0,Senior
29.0,Female,Master's,Software Engineer,6.0,132720.0,Senior
35.0,Male,Master's,Project Engineer,8.0,101332.0,Senior
35.0,Female,Bachelor's,Project Engineer,12.0,166375.0,Senior
43.0,Male,Master's,Software Engineer,21.0,185119.0,Senior
52.0,Female,Master's,Software Engineer,28.0,186963.0,Senior
30.0,Male,High School,Project Engineer,11.0,103947.0,Senior
58.0,Male,Master's,Software Engineer,27.0,190004.0,Senior
46.0,Female,Bachelor's,Software Engineer,20.0,139398.0,Senior
33.0,Female,Master's,Project Engineer,9.0,126753.0,Senior
33.0,Male,Master's,Software Engineer,8.0,139817.0,Senior
24.0,Female,High School,Project Engineer,1.0,52731.0,Senior
28.0,Female,Master's,Software Engineer,5.0,99747.0,Senior
32.0,Male,Master's,Project Engineer,11.0,128078.0,Senior
43.0,Male,High School,Software Engineer,22.0,165919.0,Senior
55.0,Male,Bachelor's,Project Engineer,28.0,193964.0,Senior
40.0,Female,Master's,Software Engineer,16.0,138032.0,Senior
49.0,Female,High School,Project Engineer,25.0,154207.0,Senior
42.0,Female,Bachelor's,Software Engineer,18.0,148446.0,Senior
46.0,Male,Bachelor's,Project Engineer,23.0,181699.0,Senior
42.0,Female,Master's,Software Engineer,16.0,138286.0,Senior
36.0,Male,Bachelor's,Project Engineer,14.0,119224.0,Senior
41.0,Female,Bachelor's,Project Engineer,20.0,151315.0,Senior
39.0,Female,Master's,Software Engineer,15.0,134641.0,Senior
47.0,Male,Master's,Project Engineer,25.0,178859.0,Senior
38.0,Female,Master's,Software Engineer,13.0,134858.0,Senior
43.0,Male,Master's,Software Engineer,21.0,187081.0,Senior
29.0,Female,Master's,Software Engineer,6.0,132720.0,Senior
35.0,Male,Master's,Project Engineer,8.0,101332.0,Senior
35.0,Female,Bachelor's,Project Engineer,12.0,166375.0,Senior
43.0,Male,Master's,Software Engineer,21.0,185119.0,Senior
52.0,Female,Master's,Software Engineer,28.0,186963.0,Senior
30.0,Male,High School,Project Engineer,11.0,103947.0,Senior
58.0,Male,Master's,Software Engineer,27.0,190004.0,Senior
46.0,Female,Bachelor's,Software Engineer,20.0,139398.0,Senior
33.0,Female,Master's,Project Engineer,9.0,126753.0,Senior
33.0,Male,Master's,Software Engineer,8.0,139817.0,Senior
24.0,Female,High School,Project Engineer,1.0,52731.0,Senior
28.0,Female,Master's,Software Engineer,5.0,99747.0,Senior
32.0,Male,Master's,Project Engineer,11.0,128078.0,Senior
43.0,Male,High School,Software Engineer,22.0,165919.0,Senior
55.0,Male,Bachelor's,Project Engineer,28.0,193964.0,Senior
40.0,Female,Master's,Software Engineer,16.0,138032.0,Senior
49.0,Female,High School,Project Engineer,25.0,154207.0,Senior
42.0,Female,Bachelor's,Software Engineer,18.0,148446.0,Senior
46.0,Male,Bachelor's,Project Engineer,23.0,181699.0,Senior
42.0,Female,Master's,Software Engineer,16.0,138286.0,Senior
36.0,Male,Bachelor's,Project Engineer,14.0,119224.0,Senior
41.0,Female,Bachelor's,Project Engineer,20.0,151315.0,Senior
39.0,Female,Master's,Software Engineer,15.0,134641.0,Senior
47.0,Male,Master's,Project Engineer,25.0,178859.0,Senior
38.0,Female,Master's,Software Engineer,13.0,134858.0,Senior
30.0,Female,Master's,Project Engineer,5.0,106278.0,Senior
44.0,Male,Master's,Software Engineer,19.0,152203.0,Senior
54.0,Male,Bachelor's,Project Engineer,29.0,191915.0,Senior
46.0,Male,Master's,Software Engineer,21.0,174305.0,Senior
23.0,Female,Bachelor's,Project Engineer,0.0,51831.0,Senior
33.0,Female,Master's,Project Engineer,10.0,112439.0,Senior
36.0,Female,Master's,Software Engineer,13.0,139413.0,Senior
43.0,Male,Bachelor's,Project Engineer,20.0,143084.0,Senior
52.0,Male,Master's,Software Engineer,26.0,184816.0,Senior
29.0,Male,Bachelor's,Project Engineer,6.0,88035.0,Senior
45.0,Female,Master's,Software Engineer,23.0,174436.0,Senior
46.0,Male,Bachelor's,Project Engineer,24.0,166828.0,Senior
54.0,Male,Master's,Software Engineer,31.0,193746.0,Senior
50.0,Female,Bachelor's,Project Engineer,25.0,177177.0,Senior
31.0,Female,Master's,Software Engineer,6.0,113563.0,Senior
32.0,Male,Master's,Project Engineer,8.0,121454.0,Senior
48.0,Female,Master's,Software Engineer,24.0,184006.0,Senior
45.0,Female,Bachelor's,Project Engineer,22.0,171036.0,Senior
31.0,Female,Bachelor's,Software Engineer,7.0,107718.0,Senior
30.0,Female,Master's,Project Engineer,5.0,100425.0,Senior
45.0,Male,Master's,Software Engineer,22.0,181902.0,Senior
28.0,Female,Bachelor's,Project Engineer,4.0,70022.0,Senior
43.0,Female,Master's,Software Engineer,19.0,152944.0,Senior
55.0,Female,Bachelor's,Project Engineer,30.0,183020.0,Senior
39.0,Female,Master's,Software Engineer,14.0,135853.0,Senior
51.0,Male,Master's,Software Engineer,28.0,186610.0,Senior
30.0,Female,Bachelor's,Project Engineer,6.0,89995.0,Senior
42.0,Female,Bachelor's,Software Engineer,20.0,150534.0,Senior
37.0,Female,Bachelor's,Project Engineer,13.0,137336.0,Senior
43.0,Male,Bachelor's,Software Engineer,20.0,154281.0,Senior
30.0,Female,Master's,Project Engineer,6.0,107906.0,Senior
28.0,Male,Master's,Software Engineer,6.0,108607.0,Senior
41.0,Male,Master's,Project Engineer,15.0,143705.0,Senior
46.0,Male,Bachelor's,Software Engineer,22.0,174324.0,Senior
52.0,Male,Master's,Project Engineer,28.0,187120.0,Senior
35.0,Female,Master's,Software Engineer,10.0,130355.0,Senior
33.0,Male,Master's,Project Engineer,10.0,117314.0,Senior
54.0,Male,Bachelor's,Software Engineer,30.0,186321.0,Senior
51.0,Female,Master's,Project Engineer,25.0,177913.0,Senior
31.0,Female,Master's,Software Engineer,6.0,113065.0,Senior
32.0,Male,Master's,Project Engineer,9.0,126916.0,Senior
38.0,Male,PhD,Data Scientist,13.0,170000.0,Senior
41.0,Male,PhD,Data Scientist,16.0,190000.0,Senior
36.0,Male,PhD,Data Scientist,12.0,170000.0,Senior
36.0,Male,PhD,Data Scientist,12.0,170000.0,Senior
36.0,Male,PhD,Data Scientist,12.0,170000.0,Senior
36.0,Male,PhD,Data Scientist,12.0,170000.0,Senior
36.0,Male,PhD,Data Scientist,12.0,170000.0,Senior
36.0,Male,PhD,Data Scientist,12.0,170000.0,Senior
30.0,Female,Master's,Project Engineer,4.0,92438.0,Senior
44.0,Male,Master's,Software Engineer,18.0,152168.0,Senior
54.0,Male,Bachelor's,Project Engineer,28.0,192292.0,Senior
46.0,Male,Master's,Software Engineer,20.0,174938.0,Senior
23.0,Female,Bachelor's,Project Engineer,0.0,52831.0,Senior
33.0,Female,Master's,Project Engineer,10.0,113334.0,Senior
36.0,Female,Master's,Software Engineer,13.0,140010.0,Senior
43.0,Male,Bachelor's,Project Engineer,20.0,142421.0,Senior
52.0,Male,Master's,Software Engineer,27.0,186794.0,Senior
29.0,Male,Bachelor's,Project Engineer,6.0,88552.0,Senior
45.0,Female,Master's,Software Engineer,23.0,174336.0,Senior
46.0,Male,Bachelor's,Project Engineer,25.0,166958.0,Senior
54.0,Male,Master's,Software Engineer,32.0,195270.0,Senior
50.0,Female,Bachelor's,Project Engineer,25.0,177862.0,Senior
31.0,Female,Master's,Software Engineer,6.0,114290.0,Senior
32.0,Male,Master's,Project Engineer,8.0,122354.0,Senior
48.0,Female,Master's,Software Engineer,24.0,184480.0,Senior
45.0,Female,Bachelor's,Project Engineer,22.0,171468.0,Senior
31.0,Female,Bachelor's,Software Engineer,7.0,108267.0,Senior
30.0,Female,Master's,Project Engineer,5.0,100867.0,Senior
45.0,Male,Master's,Software Engineer,22.0,182506.0,Senior
28.0,Female,Bachelor's,Project Engineer,3.0,70397.0,Senior
32.0,Male,Bachelor's,Software Engineer,7.0,106218.0,Senior
48.0,Female,Master's,Software Engineer,23.0,185038.0,Senior
45.0,Female,Bachelor's,Project Engineer,21.0,167015.0,Senior
31.0,Female,Bachelor's,Software Engineer,6.0,104378.0,Senior
30.0,Female,Master's,Project Engineer,5.0,101733.0,Senior
45.0,Male,Master's,Software Engineer,21.0,180367.0,Senior
28.0,Female,Bachelor's,Project Engineer,3.0,70397.0,Senior
32.0,Male,Bachelor's,Software Engineer,7.0,106218.0,Senior
48.0,Female,Master's,Software Engineer,23.0,185038.0,Senior
45.0,Female,Bachelor's,Project Engineer,21.0,167015.0,Senior
31.0,Female,Bachelor's,Software Engineer,6.0,104378.0,Senior
30.0,Female,Master's,Project Engineer,5.0,101733.0,Senior
45.0,Male,Master's,Software Engineer,21.0,180367.0,Senior
30.0,Female,Master's,Project Engineer,4.0,92438.0,Senior
44.0,Male,Master's,Software Engineer,18.0,152168.0,Senior
54.0,Male,Bachelor's,Project Engineer,28.0,192292.0,Senior
46.0,Male,Master's,Software Engineer,20.0,174938.0,Senior
23.0,Female,Bachelor's,Project Engineer,0.0,52831.0,Senior
33.0,Female,Master's,Project Engineer,10.0,113334.0,Senior
36.0,Female,Master's,Software Engineer,13.0,140010.0,Senior
43.0,Male,Bachelor's,Project Engineer,20.0,142421.0,Senior
52.0,Male,Master's,Software Engineer,27.0,186794.0,Senior
29.0,Male,Bachelor's,Project Engineer,6.0,88552.0,Senior
45.0,Female,Master's,Software Engineer,23.0,174336.0,Senior
46.0,Male,Bachelor's,Project Engineer,25.0,166958.0,Senior
54.0,Male,Master's,Software Engineer,32.0,195270.0,Senior
50.0,Female,Bachelor's,Project Engineer,25.0,177862.0,Senior
31.0,Female,Master's,Software Engineer,6.0,114290.0,Senior
32.0,Male,Master's,Project Engineer,8.0,122354.0,Senior
48.0,Female,Master's,Software Engineer,24.0,184480.0,Senior
45.0,Female,Bachelor's,Project Engineer,22.0,171468.0,Senior
31.0,Female,Bachelor's,Software Engineer,7.0,108267.0,Senior
30.0,Female,Master's,Project Engineer,5.0,100867.0,Senior
45.0,Male,Master's,Software Engineer,22.0,182506.0,Senior
28.0,Female,Bachelor's,Project Engineer,3.0,70397.0,Senior
32.0,Male,Bachelor's,Software Engineer,7.0,106218.0,Senior
48.0,Female,Master's,Software Engineer,23.0,185038.0,Senior
45.0,Female,Bachelor's,Project Engineer,21.0,167015.0,Senior
31.0,Female,Bachelor's,Software Engineer,6.0,104378.0,Senior
30.0,Female,Master's,Project Engineer,5.0,101733.0,Senior
45.0,Male,Master's,Software Engineer,21.0,180367.0,Senior
28.0,Female,Bachelor's,Project Engineer,3.0,70397.0,Senior
32.0,Male,Bachelor's,Software Engineer,7.0,106218.0,Senior
48.0,Female,Master's,Software Engineer,23.0,185038.0,Senior
45.0,Female,Bachelor's,Project Engineer,21.0,167015.0,Senior
31.0,Female,Bachelor's,Software Engineer,6.0,104378.0,Senior
30.0,Female,Master's,Project Engineer,5.0,101733.0,Senior
45.0,Male,Master's,Software Engineer,21.0,180367.0,Senior
30.0,Female,Master's,Project Engineer,4.0,92438.0,Senior
44.0,Male,Master's,Software Engineer,18.0,152168.0,Senior
54.0,Male,Bachelor's,Project Engineer,28.0,192292.0,Senior
46.0,Male,Master's,Software Engineer,20.0,174938.0,Senior
23.0,Female,Bachelor's,Project Engineer,0.0,52831.0,Senior
33.0,Female,Master's,Project Engineer,10.0,113334.0,Senior
36.0,Female,Master's,Software Engineer,13.0,140010.0,Senior
43.0,Male,Bachelor's,Project Engineer,20.0,142421.0,Senior
52.0,Male,Master's,Software Engineer,27.0,186794.0,Senior
29.0,Male,Bachelor's,Project Engineer,6.0,88552.0,Senior
45.0,Female,Master's,Software Engineer,23.0,174336.0,Senior
46.0,Male,Bachelor's,Project Engineer,25.0,166958.0,Senior
54.0,Male,Master's,Software Engineer,32.0,195270.0,Senior
50.0,Female,Bachelor's,Project Engineer,25.0,177862.0,Senior
31.0,Female,Master's,Software Engineer,6.0,114290.0,Senior
32.0,Male,Master's,Project Engineer,8.0,122354.0,Senior
48.0,Female,Master's,Software Engineer,23.0,185038.0,Senior
45.0,Female,Bachelor's,Project Engineer,22.0,171468.0,Senior
31.0,Female,Bachelor's,Software Engineer,7.0,108267.0,Senior
30.0,Female,Master's,Project Engineer,5.0,100867.0,Senior
45.0,Male,Master's,Software Engineer,22.0,182506.0,Senior
28.0,Female,Bachelor's,Project Engineer,4.0,82944.0,Senior
36.0,Female,Master's,Software Engineer,14.0,141090.0,Senior
50.0,Female,Master's,Project Engineer,22.0,182768.0,Senior
38.0,Male,Master's,Software Engineer,14.0,147708.0,Senior
48.0,Female,Bachelor's,Project Engineer,21.0,163209.0,Senior
35.0,Female,Master's,Software Engineer,11.0,134979.0,Senior
36.0,Female,Master's,Project Engineer,11.0,134482.0,Senior
30.0,Female,Bachelor's,Software Engineer,5.0,100151.0,Senior
45.0,Female,PhD,Project Engineer,21.0,181285.0,Senior
42.0,Male,Master's,Software Engineer,19.0,175684.0,Senior
43.0,Male,Bachelor's,Project Engineer,20.0,162231.0,Senior
50.0,Female,Master's,Software Engineer,21.0,177002.0,Senior
38.0,Female,Bachelor's,Project Engineer,13.0,131860.0,Senior
36.0,Male,Bachelor's,Software Engineer,13.0,135378.0,Senior
48.0,Male,PhD,Software Engineer,26.0,194638.0,Senior
36.0,Female,Master's,Project Engineer,12.0,130356.0,Senior
50.0,Female,Master's,Software Engineer,23.0,183690.0,Senior
38.0,Male,Master's,Software Engineer,15.0,148437.0,Senior
48.0,Female,Bachelor's,Project Engineer,22.0,168691.0,Senior
41.0,Female,PhD,Data Scientist,16.0,200000.0,Senior
36.0,Male,PhD,Data Scientist,12.0,170000.0,Senior
36.0,Male,PhD,Data Scientist,12.0,170000.0,Senior
36.0,Male,PhD,Data Scientist,12.0,170000.0,Senior
36.0,Male,PhD,Data Scientist,12.0,170000.0,Senior
36.0,Male,PhD,Data Scientist,12.0,170000.0,Senior
36.0,Male,PhD,Data Scientist,12.0,170000.0,Senior
36.0,Male,PhD,Data Scientist,12.0,170000.0,Senior
36.0,Male,PhD,Data Scientist,12.0,170000.0,Senior
36.0,Male,PhD,Data Scientist,12.0,170000.0,Senior
36.0,Male,PhD,Data Scientist,12.0,170000.0,Senior
36.0,Male,PhD,Data Scientist,12.0,170000.0,Senior
36.0,Male,PhD,Data Scientist,12.0,170000.0,Senior
36.0,Male,PhD,Data Scientist,12.0,170000.0,Senior
30.0,Female,Bachelor's,HR Coordinator,4.0,60000.0,Junior
25.0,Male,Bachelor's,Web Developer,2.0,50000.0,Junior
45.0,Female,Master's,Human Resources Manager,18.0,160000.0,Senior
22.0,Female,High School,HR Generalist,0.0,40000.0,Junior
29.0,Female,Master's,HR Generalist,4.0,75000.0,Senior
27.0,Female,Bachelor's,HR Coordinator,2.0,50000.0,Junior
38.0,Male,Master's,Human Resources Manager,11.0,110000.0,Senior
31.0,Male,High School,Web Developer,4.0,55000.0,Junior
26.0,Male,Bachelor's,HR Generalist,2.0,50000.0,Junior
32.0,Female,Master's,HR Generalist,7.0,80000.0,Senior
32.0,Male,Bachelor's,Web Developer,2.0,45000.0,Junior
24.0,Female,High School,HR Generalist,1.0,32000.0,Junior
45.0,Male,PhD,Human Resources Manager,12.0,120000.0,Senior
38.0,Male,Bachelor's,HR Generalist,8.0,95000.0,Senior
31.0,Female,High School,HR Coordinator,3.0,38000.0,Junior
26.0,Female,Bachelor's,Web Developer,2.0,45000.0,Junior
36.0,Male,Master's,HR Generalist,7.0,89000.0,Senior
28.0,Male,High School,HR Generalist,1.0,32000.0,Junior
25.0,Female,Bachelor's,Web Developer,1.0,40000.0,Junior
37.0,Female,Master's,Human Resources Manager,9.0,105000.0,Senior
34.0,Male,Bachelor's,Web Developer,3.0,50000.0,Junior
26.0,Female,High School,HR Generalist,2.0,35000.0,Junior
41.0,Male,Master's,HR Generalist,11.0,115000.0,Senior
27.0,Female,High School,HR Coordinator,1.0,30000.0,Junior
23.0,Female,Bachelor's,Web Developer,1.0,40000.0,Junior
39.0,Male,Master's,HR Generalist,10.0,105000.0,Senior
31.0,Male,High School,HR Generalist,2.0,35000.0,Junior
44.0,Female,PhD,Human Resources Manager,12.0,120000.0,Senior
32.0,Female,Bachelor's,Web Developer,2.0,45000.0,Junior
38.0,Male,PhD,Human Resources Manager,11.0,115000.0,Senior
27.0,Female,Master's,HR Generalist,4.0,70000.0,Senior
33.0,Male,High School,HR Coordinator,3.0,38000.0,Junior
29.0,Male,Bachelor's,Web Developer,2.0,45000.0,Junior
30.0,Male,High School,HR Generalist,1.0,32000.0,Junior
43.0,Female,PhD,Human Resources Manager,15.0,150000.0,Senior
25.0,Female,Master's,HR Generalist,1.0,32000.0,Junior
24.0,Female,Bachelor's,Web Developer,1.0,40000.0,Junior
39.0,Male,Master's,HR Generalist,9.0,95000.0,Senior
31.0,Male,High School,HR Generalist,2.0,35000.0,Junior
32.0,Female,Master's,Human Resources Manager,6.0,80000.0,Senior
26.0,Female,Bachelor's,Web Developer,2.0,45000.0,Junior
38.0,Male,Master's,HR Generalist,8.0,95000.0,Senior
27.0,Female,High School,HR Generalist,1.0,32000.0,Junior
29.0,Male,Master's,Human Resources Manager,4.0,70000.0,Senior
30.0,Male,High School,HR Coordinator,2.0,33000.0,Junior
43.0,Female,PhD,Human Resources Manager,15.0,150000.0,Senior
34.0,Male,Bachelor's,Web Developer,3.0,50000.0,Junior
25.0,Female,Master's,HR Generalist,1.0,32000.0,Junior
39.0,Male,Master's,HR Generalist,10.0,105000.0,Senior
31.0,Male,High School,HR Generalist,2.0,35000.0,Junior
32.0,Female,Master's,Human Resources Manager,6.0,80000.0,Senior
26.0,Female,Bachelor's,Web Developer,2.0,45000.0,Junior
38.0,Male,Master's,HR Generalist,8.0,95000.0,Senior
27.0,Female,High School,HR Generalist,1.0,32000.0,Junior
29.0,Male,Master's,Human Resources Manager,4.0,70000.0,Senior
30.0,Male,High School,HR Coordinator,2.0,33000.0,Junior
43.0,Female,PhD,Human Resources Manager,15.0,150000.0,Senior
34.0,Male,Bachelor's,Web Developer,3.0,50000.0,Junior
25.0,Female,Master's,HR Generalist,1.0,32000.0,Junior
39.0,Male,Master's,HR Generalist,10.0,105000.0,Senior
31.0,Male,High School,HR Generalist,2.0,35000.0,Junior
32.0,Female,Master's,Human Resources Manager,6.0,80000.0,Senior
26.0,Female,Bachelor's,Web Developer,2.0,45000.0,Junior
38.0,Male,Master's,HR Generalist,8.0,95000.0,Senior
27.0,Female,High School,HR Generalist,1.0,32000.0,Junior
29.0,Male,Master's,Human Resources Manager,4.0,70000.0,Senior
30.0,Male,High School,HR Coordinator,2.0,33000.0,Junior
43.0,Female,PhD,Human Resources Manager,15.0,150000.0,Senior
34.0,Male,Bachelor's,Web Developer,3.0,50000.0,Junior
25.0,Female,Master's,HR Generalist,1.0,32000.0,Junior
39.0,Male,Master's,HR Generalist,10.0,105000.0,Senior
31.0,Male,High School,HR Generalist,2.0,35000.0,Junior
32.0,Female,Master's,Human Resources Manager,6.0,80000.0,Senior
26.0,Female,Bachelor's,Web Developer,2.0,45000.0,Junior
38.0,Male,Master's,HR Generalist,8.0,95000.0,Senior
27.0,Female,High School,HR Generalist,1.0,32000.0,Junior
29.0,Male,Master's,Human Resources Manager,4.0,70000.0,Senior
30.0,Male,High School,HR Coordinator,2.0,33000.0,Junior
43.0,Female,PhD,Human Resources Manager,15.0,150000.0,Senior
34.0,Male,Bachelor's,Web Developer,3.0,50000.0,Junior
25.0,Female,Master's,HR Generalist,1.0,32000.0,Junior
32.0,Male,Bachelor's,Web Developer,2.0,45000.0,Junior
24.0,Female,High School,HR Generalist,1.0,32000.0,Junior
45.0,Male,PhD,Human Resources Manager,12.0,120000.0,Senior
38.0,Male,Bachelor's,HR Generalist,8.0,95000.0,Senior
31.0,Female,High School,HR Coordinator,3.0,38000.0,Junior
26.0,Female,Bachelor's,Web Developer,2.0,45000.0,Junior
36.0,Male,Master's,HR Generalist,7.0,89000.0,Senior
28.0,Male,High School,HR Generalist,1.0,32000.0,Junior
25.0,Female,Bachelor's,Web Developer,1.0,40000.0,Junior
37.0,Female,Master's,Human Resources Manager,9.0,105000.0,Senior
34.0,Male,Bachelor's,Web Developer,3.0,50000.0,Junior
26.0,Female,High School,HR Generalist,2.0,35000.0,Junior
41.0,Male,Master's,HR Generalist,11.0,115000.0,Senior
27.0,Female,High School,HR Coordinator,1.0,30000.0,Junior
23.0,Female,Bachelor's,Web Developer,1.0,40000.0,Junior
39.0,Male,Master's,HR Generalist,10.0,105000.0,Senior
31.0,Male,High School,HR Generalist,2.0,35000.0,Junior
44.0,Female,PhD,Human Resources Manager,12.0,120000.0,Senior
32.0,Female,Bachelor's,Web Developer,2.0,45000.0,Junior
38.0,Male,PhD,Human Resources Manager,11.0,115000.0,Senior
27.0,Female,Master's,HR Generalist,4.0,70000.0,Senior
33.0,Male,High School,HR Coordinator,3.0,38000.0,Junior
29.0,Male,Bachelor's,Web Developer,2.0,45000.0,Junior
30.0,Male,High School,HR Generalist,1.0,32000.0,Junior
43.0,Female,PhD,Human Resources Manager,15.0,150000.0,Senior
25.0,Female,Master's,HR Generalist,1.0,32000.0,Junior
24.0,Female,Bachelor's,Web Developer,1.0,40000.0,Junior
39.0,Male,Master's,HR Generalist,9.0,95000.0,Senior
31.0,Male,High School,HR Generalist,2.0,35000.0,Junior
32.0,Female,Master's,Human Resources Manager,6.0,80000.0,Senior
26.0,Female,Bachelor's,Web Developer,2.0,45000.0,Junior
38.0,Male,Master's,HR Generalist,8.0,95000.0,Senior
27.0,Female,High School,HR Generalist,1.0,32000.0,Junior
29.0,Male,Master's,Human Resources Manager,4.0,70000.0,Senior
30.0,Male,High School,HR Coordinator,2.0,33000.0,Junior
43.0,Female,PhD,Human Resources Manager,15.0,150000.0,Senior
34.0,Male,Bachelor's,Web Developer,3.0,50000.0,Junior
25.0,Female,Master's,HR Generalist,1.0,32000.0,Junior
39.0,Male,Master's,HR Generalist,10.0,105000.0,Senior
31.0,Male,High School,HR Generalist,2.0,35000.0,Junior
32.0,Female,Master's,Human Resources Manager,6.0,80000.0,Senior
26.0,Female,Bachelor's,Web Developer,2.0,45000.0,Junior
38.0,Male,Master's,HR Generalist,8.0,95000.0,Senior
27.0,Female,High School,HR Generalist,1.0,32000.0,Junior
29.0,Male,Master's,Human Resources Manager,4.0,70000.0,Senior
30.0,Male,High School,HR Coordinator,2.0,33000.0,Junior
43.0,Female,PhD,Human Resources Manager,15.0,150000.0,Senior
34.0,Male,Bachelor's,Web Developer,3.0,50000.0,Junior
25.0,Female,Master's,HR Generalist,1.0,32000.0,Junior
39.0,Male,Master's,HR Generalist,10.0,105000.0,Senior
31.0,Male,High School,HR Generalist,2.0,35000.0,Junior
32.0,Female,Master's,Human Resources Manager,6.0,80000.0,Senior
26.0,Female,Bachelor's,Web Developer,2.0,45000.0,Junior
38.0,Male,Master's,HR Generalist,8.0,95000.0,Senior
27.0,Female,High School,HR Generalist,1.0,32000.0,Junior
29.0,Male,Master's,Human Resources Manager,4.0,70000.0,Senior
30.0,Male,High School,HR Coordinator,2.0,33000.0,Junior
43.0,Female,PhD,Human Resources Manager,15.0,150000.0,Senior
34.0,Male,Bachelor's,Web Developer,3.0,50000.0,Junior
25.0,Female,Master's,HR Generalist,1.0,32000.0,Junior
39.0,Male,Master's,HR Generalist,10.0,105000.0,Senior
31.0,Male,High School,HR Generalist,2.0,35000.0,Junior
32.0,Female,Master's,Human Resources Manager,6.0,80000.0,Senior
26.0,Female,Bachelor's,Web Developer,2.0,45000.0,Junior
38.0,Male,Master's,HR Generalist,8.0,95000.0,Senior
27.0,Female,High School,HR Generalist,1.0,32000.0,Junior
29.0,Male,Master's,Human Resources Manager,4.0,70000.0,Senior
30.0,Male,High School,HR Coordinator,2.0,33000.0,Junior
43.0,Female,PhD,Human Resources Manager,15.0,150000.0,Senior
34.0,Male,Bachelor's,Web Developer,3.0,50000.0,Junior
25.0,Female,Master's,HR Generalist,1.0,32000.0,Junior
24.0,Male,High School,Sales Associate,1.0,30000.0,Junior
27.0,Male,High School,Sales Associate,2.0,35000.0,Junior
25.0,Female,Bachelor's,Software Developer,1.0,35000.0,Junior
29.0,Female,High School,Sales Associate,1.0,30000.0,Junior
28.0,Male,High School,Sales Associate,2.0,35000.0,Junior
25.0,Female,Bachelor's,Software Developer,1.0,35000.0,Junior
29.0,Female,High School,Sales Associate,1.0,30000.0,Junior
28.0,Male,High School,Sales Associate,2.0,35000.0,Junior
25.0,Female,Bachelor's,Software Developer,1.0,35000.0,Junior
29.0,Female,High School,Sales Associate,1.0,30000.0,Junior
28.0,Male,High School,Sales Associate,2.0,35000.0,Junior
25.0,Female,Bachelor's,Software Developer,1.0,35000.0,Junior
29.0,Female,High School,Sales Associate,1.0,30000.0,Junior
28.0,Male,High School,Sales Associate,2.0,35000.0,Junior
25.0,Female,Bachelor's,Software Developer,1.0,35000.0,Junior
29.0,Female,High School,Sales Associate,1.0,30000.0,Junior
28.0,Male,High School,Sales Associate,2.0,35000.0,Junior
25.0,Female,Bachelor's,Software Developer,1.0,35000.0,Junior
29.0,Female,High School,Sales Associate,1.0,30000.0,Junior
28.0,Male,High School,Sales Associate,2.0,35000.0,Junior
25.0,Female,Bachelor's,Software Developer,1.0,35000.0,Junior
29.0,Female,High School,Sales Associate,1.0,30000.0,Junior
28.0,Male,High School,Sales Associate,2.0,35000.0,Junior
25.0,Female,Bachelor's,Software Developer,1.0,35000.0,Junior
29.0,Female,High School,Sales Associate,1.0,30000.0,Junior
23.0,Male,High School,Sales Associate,1.0,30000.0,Junior
26.0,Male,High School,Sales Associate,2.0,35000.0,Junior
26.0,Female,Bachelor's,Software Developer,1.0,35000.0,Junior
28.0,Female,High School,Sales Associate,1.0,30000.0,Junior
27.0,Male,High School,Sales Associate,2.0,35000.0,Junior
26.0,Female,Bachelor's,Software Developer,1.0,35000.0,Junior
28.0,Female,High School,Sales Associate,1.0,30000.0,Junior
27.0,Male,High School,Sales Associate,2.0,35000.0,Junior
26.0,Female,Bachelor's,Software Developer,1.0,35000.0,Junior
28.0,Female,High School,Sales Associate,1.0,30000.0,Junior
27.0,Male,High School,Sales Associate,2.0,35000.0,Junior
26.0,Female,Bachelor's,Software Developer,1.0,35000.0,Junior
28.0,Female,High School,Sales Associate,1.0,30000.0,Junior
27.0,Male,High School,Sales Associate,2.0,35000.0,Junior
26.0,Female,Bachelor's,Software Developer,1.0,35000.0,Junior
28.0,Female,High School,Sales Associate,1.0,30000.0,Junior
27.0,Male,High School,Sales Associate,2.0,35000.0,Junior
26.0,Female,Bachelor's,Software Developer,1.0,35000.0,Junior
28.0,Female,High School,Sales Associate,1.0,30000.0,Junior
27.0,Male,High School,Sales Associate,2.0,35000.0,Junior
26.0,Female,Bachelor's,Software Developer,1.0,35000.0,Junior
28.0,Female,High School,Sales Associate,1.0,30000.0,Junior
27.0,Male,High School,Sales Associate,2.0,35000.0,Junior
26.0,Female,Bachelor's,Software Developer,1.0,35000.0,Junior
28.0,Female,High School,Sales Associate,1.0,30000.0,Junior
22.0,Male,High School,Sales Associate,1.0,25000.0,Junior
25.0,Male,High School,Sales Associate,2.0,30000.0,Junior
25.0,Female,Bachelor's,Software Developer,1.0,35000.0,Junior
29.0,Female,High School,Sales Associate,1.0,25000.0,Junior
26.0,Male,High School,Sales Associate,2.0,30000.0,Junior
25.0,Female,Bachelor's,Software Developer,1.0,35000.0,Junior
29.0,Female,High School,Sales Associate,1.0,25000.0,Junior
26.0,Male,High School,Sales Associate,2.0,30000.0,Junior
25.0,Female,Bachelor's,Software Developer,1.0,35000.0,Junior
29.0,Female,High School,Sales Associate,1.0,25000.0,Junior
26.0,Male,High School,Sales Associate,2.0,30000.0,Junior
25.0,Female,Bachelor's,Software Developer,1.0,35000.0,Junior
29.0,Female,High School,Sales Associate,1.0,25000.0,Junior
26.0,Male,High School,Sales Associate,2.0,30000.0,Junior
25.0,Female,Bachelor's,Software Developer,1.0,35000.0,Junior
29.0,Female,High School,Sales Associate,1.0,25000.0,Junior
26.0,Male,High School,Sales Associate,2.0,30000.0,Junior
25.0,Female,Bachelor's,Software Developer,1.0,35000.0,Junior
29.0,Female,High School,Sales Associate,1.0,25000.0,Junior
26.0,Male,High School,Sales Associate,2.0,30000.0,Junior
25.0,Female,Bachelor's,Software Developer,1.0,35000.0,Junior
29.0,Female,High School,Sales Associate,1.0,25000.0,Junior
26.0,Male,High School,Sales Associate,2.0,30000.0,Junior
25.0,Female,Bachelor's,Software Developer,1.0,35000.0,Junior
29.0,Female,High School,Sales Associate,1.0,25000.0,Junior
23.0,Male,High School,Sales Associate,1.0,25000.0,Junior
24.0,Male,High School,Sales Associate,1.0,25000.0,Junior
26.0,Female,Bachelor's,Software Developer,2.0,35000.0,Junior
28.0,Female,High School,Sales Associate,1.0,25000.0,Junior
24.0,Male,High School,Sales Associate,1.0,25000.0,Junior
26.0,Female,Bachelor's,Software Developer,2.0,35000.0,Junior
28.0,Female,High School,Sales Associate,1.0,25000.0,Junior
24.0,Male,High School,Sales Associate,1.0,25000.0,Junior
26.0,Female,Bachelor's,Software Developer,2.0,35000.0,Junior
28.0,Female,High School,Sales Associate,1.0,25000.0,Junior
24.0,Male,High School,Sales Associate,1.0,25000.0,Junior
26.0,Female,Bachelor's,Software Developer,2.0,35000.0,Junior
28.0,Female,High School,Sales Associate,1.0,25000.0,Junior
24.0,Male,High School,Sales Associate,1.0,25000.0,Junior
26.0,Female,Bachelor's,Software Developer,2.0,35000.0,Junior
28.0,Female,High School,Sales Associate,1.0,25000.0,Junior
24.0,Male,High School,Sales Associate,1.0,25000.0,Junior
26.0,Female,Bachelor's,Software Developer,2.0,35000.0,Junior
28.0,Female,High School,Sales Associate,1.0,25000.0,Junior
24.0,Male,High School,Sales Associate,1.0,25000.0,Junior
26.0,Female,Bachelor's,Software Developer,2.0,35000.0,Junior
28.0,Female,High School,Sales Associate,1.0,25000.0,Junior
24.0,Male,High School,Sales Associate,1.0,25000.0,Junior
26.0,Female,Bachelor's,Software Developer,2.0,35000.0,Junior
28.0,Female,High School,Sales Associate,1.0,25000.0,Junior
25.0,Male,High School,Sales Associate,1.0,26000.0,Junior
23.0,Male,High School,Sales Associate,1.0,26000.0,Junior
27.0,Female,Bachelor's,Software Developer,2.0,36000.0,Junior
29.0,Female,High School,Sales Associate,1.0,26000.0,Junior
23.0,Male,High School,Sales Associate,1.0,26000.0,Junior
27.0,Female,Bachelor's,Software Developer,2.0,36000.0,Junior
29.0,Female,High School,Sales Associate,1.0,26000.0,Junior
23.0,Male,High School,Sales Associate,1.0,26000.0,Junior
27.0,Female,Bachelor's,Software Developer,2.0,36000.0,Junior
29.0,Female,High School,Sales Associate,1.0,26000.0,Junior
23.0,Male,High School,Sales Associate,1.0,26000.0,Junior
27.0,Female,Bachelor's,Software Developer,2.0,36000.0,Junior
29.0,Female,High School,Sales Associate,1.0,26000.0,Junior
23.0,Male,High School,Sales Associate,1.0,26000.0,Junior
27.0,Female,Bachelor's,Software Developer,2.0,36000.0,Junior
29.0,Female,High School,Sales Associate,1.0,26000.0,Junior
23.0,Male,High School,Sales Associate,1.0,26000.0,Junior
27.0,Female,Bachelor's,Software Developer,2.0,36000.0,Junior
29.0,Female,High School,Sales Associate,1.0,26000.0,Junior
23.0,Male,High School,Sales Associate,1.0,26000.0,Junior
27.0,Female,Bachelor's,Software Developer,2.0,36000.0,Junior
29.0,Female,High School,Sales Associate,1.0,26000.0,Junior
23.0,Male,High School,Sales Associate,1.0,26000.0,Junior
27.0,Female,Bachelor's,Software Developer,2.0,36000.0,Junior
29.0,Female,High School,Sales Associate,1.0,26000.0,Junior
24.0,Male,High School,Sales Associate,1.0,26000.0,Junior
26.0,Male,High School,Sales Associate,1.0,26000.0,Junior
28.0,Female,Bachelor's,Software Developer,2.0,36000.0,Junior
30.0,Female,High School,Sales Associate,1.0,26000.0,Junior
26.0,Male,High School,Sales Associate,1.0,26000.0,Junior
28.0,Female,Bachelor's,Software Developer,2.0,36000.0,Junior
30.0,Female,High School,Sales Associate,1.0,26000.0,Junior
26.0,Male,High School,Sales Associate,1.0,26000.0,Junior
28.0,Female,Bachelor's,Software Developer,2.0,36000.0,Junior
30.0,Female,High School,Sales Associate,1.0,26000.0,Junior
26.0,Male,High School,Sales Associate,1.0,26000.0,Junior
28.0,Female,Bachelor's,Software Developer,2.0,36000.0,Junior
30.0,Female,High School,Sales Associate,1.0,26000.0,Junior
26.0,Male,High School,Sales Associate,1.0,26000.0,Junior
28.0,Female,Bachelor's,Software Developer,2.0,36000.0,Junior
30.0,Female,High School,Sales Associate,1.0,26000.0,Junior
26.0,Male,High School,Sales Associate,1.0,26000.0,Junior
28.0,Female,Bachelor's,Software Developer,2.0,36000.0,Junior
30.0,Female,High School,Sales Associate,1.0,26000.0,Junior
26.0,Male,High School,Sales Associate,1.0,26000.0,Junior
28.0,Female,Bachelor's,Software Developer,2.0,36000.0,Junior
30.0,Female,High School,Sales Associate,1.0,26000.0,Junior
26.0,Male,High School,Sales Associate,1.0,26000.0,Junior
28.0,Female,Bachelor's,Software Developer,2.0,36000.0,Junior
30.0,Female,High School,Sales Associate,1.0,26000.0,Junior
33.0,Male,High School,Sales Associate,1.0,25000.0,Junior
28.0,Female,Bachelor's,Software Developer,2.0,37000.0,Junior
30.0,Female,High School,Sales Associate,1.0,25000.0,Junior
31.0,Female,High School,Sales Associate,1.0,25000.0,Junior
28.0,Female,Bachelor's,Software Developer,2.0,37000.0,Junior
30.0,Female,High School,Sales Associate,1.0,25000.0,Junior
31.0,Female,High School,Sales Associate,1.0,25000.0,Junior
28.0,Female,Bachelor's,Software Developer,2.0,37000.0,Junior
30.0,Female,High School,Sales Associate,1.0,25000.0,Junior
31.0,Female,High School,Sales Associate,1.0,25000.0,Junior
28.0,Female,Bachelor's,Software Developer,2.0,37000.0,Junior
30.0,Female,High School,Sales Associate,1.0,25000.0,Junior
31.0,Female,High School,Sales Associate,1.0,25000.0,Junior
28.0,Female,Bachelor's,Software Developer,2.0,37000.0,Junior
30.0,Female,High School,Sales Associate,1.0,25000.0,Junior
31.0,Female,High School,Sales Associate,1.0,25000.0,Junior
28.0,Female,Bachelor's,Software Developer,2.0,37000.0,Junior
30.0,Female,High School,Sales Associate,1.0,25000.0,Junior
31.0,Female,High School,Sales Associate,1.0,25000.0,Junior
28.0,Female,Bachelor's,Software Developer,2.0,37000.0,Junior
30.0,Female,High School,Sales Associate,1.0,25000.0,Junior
31.0,Female,High School,Sales Associate,1.0,25000.0,Junior
28.0,Female,Bachelor's,Software Developer,2.0,37000.0,Junior
30.0,Female,High School,Sales Associate,1.0,25000.0,Junior
28.0,Male,Bachelor's,Web Developer,2.0,45000.0,Junior
29.0,Female,Master's,HR Generalist,4.0,70000.0,Senior
35.0,Male,PhD,Human Resources Manager,10.0,110000.0,Senior
32.0,Male,Bachelor's,HR Generalist,5.0,60000.0,Junior
23.0,Female,Bachelor's,HR Generalist,1.0,32000.0,Junior
26.0,Female,Bachelor's,HR Coordinator,1.0,35000.0,Junior
42.0,Male,PhD,Human Resources Manager,14.0,130000.0,Senior
31.0,Female,Bachelor's,HR Coordinator,4.0,50000.0,Junior
35.0,Female,Master's,HR Generalist,8.0,80000.0,Senior
26.0,Male,Master's,Web Developer,2.0,48000.0,Junior
26.0,Female,Bachelor's,HR Generalist,2.0,42000.0,Junior
29.0,Male,Master's,HR Generalist,4.0,70000.0,Senior
27.0,Female,Bachelor's,HR Generalist,2.0,42000.0,Junior
31.0,Male,PhD,Human Resources Manager,7.0,90000.0,Senior
24.0,Male,Bachelor's,Web Developer,1.0,40000.0,Junior
42.0,Female,Master's,HR Generalist,12.0,110000.0,Senior
28.0,Female,Bachelor's,HR Generalist,3.0,50000.0,Junior
25.0,Male,High School,HR Generalist,2.0,40000.0,Junior
26.0,Female,Master's,HR Generalist,2.0,55000.0,Senior
35.0,Male,PhD,Human Resources Manager,10.0,110000.0,Senior
26.0,Female,Bachelor's,HR Generalist,1.0,32000.0,Junior
29.0,Female,Master's,HR Generalist,4.0,70000.0,Senior
33.0,Female,Bachelor's,HR Generalist,7.0,65000.0,Junior
28.0,Female,Bachelor's,HR Coordinator,3.0,45000.0,Junior
26.0,Male,Bachelor's,HR Coordinator,2.0,38000.0,Junior
42.0,Female,Master's,Human Resources Manager,13.0,125000.0,Senior
31.0,Male,Bachelor's,HR Generalist,5.0,60000.0,Junior
35.0,Male,PhD,Human Resources Manager,10.0,110000.0,Senior
27.0,Female,Master's,HR Generalist,2.0,42000.0,Junior
39.0,Male,Master's,HR Generalist,11.0,100000.0,Senior
23.0,Female,Bachelor's,HR Coordinator,1.0,32000.0,Junior
26.0,Female,Bachelor's,HR Generalist,2.0,42000.0,Junior
28.0,Male,High School,Web Developer,2.0,43000.0,Junior
31.0,Female,Bachelor's,HR Coordinator,4.0,50000.0,Junior
35.0,Female,Master's,HR Generalist,8.0,80000.0,Senior
26.0,Male,Master's,Web Developer,2.0,48000.0,Junior
26.0,Female,Bachelor's,HR Generalist,2.0,42000.0,Junior
29.0,Male,Master's,HR Generalist,4.0,70000.0,Senior
25.0,Female,High School,HR Coordinator,1.0,32000.0,Junior
27.0,Female,Bachelor's,HR Generalist,2.0,42000.0,Junior
31.0,Male,PhD,Human Resources Manager,7.0,90000.0,Senior
24.0,Male,Bachelor's,Web Developer,1.0,40000.0,Junior
42.0,Female,Master's,HR Generalist,12.0,110000.0,Senior
28.0,Female,Bachelor's,HR Generalist,3.0,50000.0,Junior
25.0,Male,High School,HR Generalist,2.0,40000.0,Junior
26.0,Female,Master's,HR Generalist,2.0,55000.0,Senior
35.0,Male,PhD,Human Resources Manager,10.0,110000.0,Senior
26.0,Female,Bachelor's,HR Generalist,1.0,32000.0,Junior
29.0,Female,Master's,HR Generalist,4.0,70000.0,Senior
33.0,Female,Bachelor's,HR Generalist,7.0,65000.0,Junior
28.0,Female,Bachelor's,HR Coordinator,3.0,45000.0,Junior
26.0,Male,Bachelor's,HR Coordinator,2.0,38000.0,Junior
42.0,Female,Master's,Human Resources Manager,13.0,125000.0,Senior
31.0,Male,Bachelor's,HR Generalist,5.0,60000.0,Junior
35.0,Male,PhD,Human Resources Manager,10.0,110000.0,Senior
27.0,Female,Master's,HR Generalist,2.0,42000.0,Junior
39.0,Male,Master's,HR Generalist,11.0,100000.0,Senior
23.0,Female,Bachelor's,HR Coordinator,1.0,32000.0,Junior
26.0,Female,Bachelor's,HR Generalist,2.0,42000.0,Junior
28.0,Male,High School,Web Developer,2.0,43000.0,Junior
31.0,Female,Bachelor's,HR Coordinator,4.0,500.0,Junior
27.0,Female,Bachelor's,Software Engineer,1.0,45000.0,Junior
33.0,Male,Master's,Data Scientist,8.0,120000.0,Senior
31.0,Male,Bachelor's,Marketing Manager,5.0,70000.0,Junior
38.0,Female,PhD,Research Scientist,12.0,140000.0,Senior
25.0,Male,High School,Sales Associate,1.0,30000.0,Junior
32.0,Female,Master's,Software Engineer,7.0,100000.0,Senior
27.0,Male,Bachelor's,Data Analyst,2.0,50000.0,Junior
29.0,Female,Bachelor's,Marketing Manager,3.0,55000.0,Junior
35.0,Male,PhD,Research Scientist,10.0,130000.0,Senior
26.0,Female,Bachelor's,Software Engineer,1.0,45000.0,Junior
33.0,Male,Master's,Data Scientist,8.0,120000.0,Senior
31.0,Male,Bachelor's,Marketing Manager,5.0,70000.0,Junior
38.0,Female,PhD,Research Scientist,12.0,140000.0,Senior
25.0,Male,High School,Sales Associate,1.0,30000.0,Junior
32.0,Female,Master's,Software Engineer,7.0,100000.0,Senior
27.0,Male,Bachelor's,Data Analyst,2.0,50000.0,Junior
29.0,Female,Bachelor's,Marketing Manager,3.0,55000.0,Junior
35.0,Male,PhD,Research Scientist,10.0,130000.0,Senior
26.0,Female,Bachelor's,Software Engineer,1.0,45000.0,Junior
33.0,Male,Master's,Data Scientist,8.0,120000.0,Senior
31.0,Male,Bachelor's,Marketing Manager,5.0,70000.0,Junior
38.0,Female,PhD,Research Scientist,12.0,140000.0,Senior
25.0,Male,High School,Sales Associate,1.0,30000.0,Junior
32.0,Female,Master's,Software Engineer,7.0,100000.0,Senior
27.0,Male,Bachelor's,Data Analyst,2.0,50000.0,Junior
29.0,Female,Bachelor's,Marketing Manager,3.0,55000.0,Junior
35.0,Male,PhD,Research Scientist,10.0,130000.0,Senior
26.0,Female,Bachelor's,Software Engineer,1.0,45000.0,Junior
33.0,Male,Master's,Data Scientist,8.0,120000.0,Senior
31.0,Male,Bachelor's,Marketing Manager,5.0,70000.0,Junior
38.0,Female,PhD,Research Scientist,12.0,140000.0,Senior
25.0,Male,High School,Sales Associate,1.0,30000.0,Junior
32.0,Female,Master's,Software Engineer,7.0,100000.0,Senior
27.0,Male,Bachelor's,Data Analyst,2.0,50000.0,Junior
29.0,Female,Bachelor's,Marketing Manager,3.0,55000.0,Junior
35.0,Male,PhD,Research Scientist,10.0,130000.0,Senior
26.0,Female,Bachelor's,Software Engineer,1.0,45000.0,Junior
33.0,Male,Master's,Data Scientist,8.0,120000.0,Senior
31.0,Male,Bachelor's,Marketing Manager,5.0,70000.0,Junior
38.0,Female,PhD,Research Scientist,12.0,140000.0,Senior
25.0,Male,High School,Sales Associate,1.0,30000.0,Junior
32.0,Female,Master's,Software Engineer,7.0,100000.0,Senior
27.0,Male,Bachelor's,Data Analyst,2.0,50000.0,Junior
29.0,Female,Bachelor's,Marketing Manager,3.0,55000.0,Junior
35.0,Male,PhD,Research Scientist,10.0,130000.0,Senior
26.0,Female,Bachelor's,Software Engineer,1.0,45000.0,Junior
33.0,Male,Master's,Data Scientist,8.0,120000.0,Senior
31.0,Male,Bachelor's,Marketing Manager,5.0,70000.0,Junior
38.0,Female,PhD,Research Scientist,12.0,140000.0,Senior
25.0,Male,High School,Sales Associate,1.0,30000.0,Junior
32.0,Female,Master's,Software Engineer,7.0,100000.0,Senior
27.0,Male,Bachelor's,Data Analyst,2.0,50000.0,Junior
29.0,Female,Bachelor's,Marketing Manager,3.0,55000.0,Junior
35.0,Male,PhD,Research Scientist,10.0,130000.0,Senior
26.0,Female,Bachelor's,Software Engineer,1.0,45000.0,Junior
33.0,Male,Master's,Data Scientist,8.0,120000.0,Senior
31.0,Male,Bachelor's,Marketing Manager,5.0,70000.0,Junior
38.0,Female,PhD,Research Scientist,12.0,140000.0,Senior
25.0,Male,High School,Sales Associate,1.0,30000.0,Junior
32.0,Female,Master's,Software Engineer,7.0,100000.0,Senior
27.0,Male,Bachelor's,Data Analyst,2.0,50000.0,Junior
29.0,Female,Bachelor's,Marketing Manager,3.0,55000.0,Junior
35.0,Male,PhD,Research Scientist,10.0,130000.0,Senior
26.0,Female,Bachelor's,Software Engineer,1.0,45000.0,Junior
33.0,Male,Master's,Data Scientist,8.0,120000.0,Senior
31.0,Male,Bachelor's,Marketing Manager,5.0,70000.0,Junior
38.0,Female,PhD,Research Scientist,12.0,140000.0,Senior
25.0,Male,High School,Sales Associate,1.0,30000.0,Junior
32.0,Female,Master's,Software Engineer,7.0,100000.0,Senior
27.0,Male,Bachelor's,Data Analyst,2.0,50000.0,Junior
29.0,Female,Bachelor's,Marketing Manager,3.0,55000.0,Junior
35.0,Male,PhD,Research Scientist,10.0,130000.0,Senior
26.0,Female,Bachelor's,Software Engineer,1.0,45000.0,Junior
33.0,Male,Master's,Data Scientist,8.0,120000.0,Senior
31.0,Male,Bachelor's,Marketing Manager,5.0,70000.0,Junior
38.0,Female,PhD,Research Scientist,12.0,140000.0,Senior
25.0,Male,High School,Sales Associate,1.0,30000.0,Junior
32.0,Female,Master's,Software Engineer,7.0,100000.0,Senior
27.0,Male,Bachelor's,Data Analyst,2.0,50000.0,Junior
29.0,Female,Bachelor's,Marketing Manager,3.0,55000.0,Junior
35.0,Male,PhD,Research Scientist,10.0,130000.0,Senior
26.0,Female,Bachelor's,Software Engineer,1.0,45000.0,Junior
33.0,Male,Master's,Data Scientist,8.0,120000.0,Senior
31.0,Male,Bachelor's,Marketing Manager,5.0,70000.0,Junior
38.0,Female,PhD,Research Scientist,12.0,140000.0,Senior
25.0,Male,High School,Sales Associate,1.0,30000.0,Junior
32.0,Female,Master's,Software Engineer,7.0,100000.0,Senior
27.0,Male,Bachelor's,Data Analyst,2.0,50000.0,Junior
29.0,Female,Bachelor's,Marketing Manager,3.0,55000.0,Junior
35.0,Male,PhD,Research Scientist,10.0,130000.0,Senior
26.0,Female,Bachelor's,Software Engineer,1.0,45000.0,Junior
33.0,Male,Master's,Data Scientist,8.0,120000.0,Senior
31.0,Male,Bachelor's,Marketing Manager,5.0,70000.0,Junior
38.0,Female,PhD,Research Scientist,12.0,140000.0,Senior
25.0,Male,High School,Sales Associate,1.0,30000.0,Junior
32.0,Female,Master's,Software Engineer,7.0,100000.0,Senior
27.0,Male,Bachelor's,Data Analyst,2.0,50000.0,Junior
29.0,Female,Bachelor's,Marketing Manager,3.0,55000.0,Junior
35.0,Male,PhD,Research Scientist,10.0,130000.0,Senior
26.0,Female,Bachelor's,Software Engineer,1.0,45000.0,Junior
33.0,Male,Master's,Data Scientist,8.0,120000.0,Senior
31.0,Male,Bachelor's,Marketing Manager,5.0,70000.0,Junior
38.0,Female,PhD,Research Scientist,12.0,140000.0,Senior
25.0,Male,High School,Sales Associate,1.0,30000.0,Junior
32.0,Female,Master's,Software Engineer,7.0,100000.0,Senior
27.0,Male,Bachelor's,Data Analyst,2.0,50000.0,Junior
29.0,Female,Bachelor's,Marketing Manager,3.0,55000.0,Junior
35.0,Male,PhD,Research Scientist,10.0,130000.0,Senior
26.0,Female,Bachelor's,Software Engineer,1.0,45000.0,Junior
28.0,Female,Bachelor's,Software Engineer,2.0,48000.0,Junior
36.0,Male,Master's,Data Scientist,9.0,125000.0,Senior
32.0,Male,Bachelor's,Marketing Manager,6.0,72000.0,Junior
39.0,Female,PhD,Research Scientist,13.0,145000.0,Senior
26.0,Male,High School,Sales Associate,2.0,31000.0,Junior
33.0,Female,Master's,Software Engineer,8.0,105000.0,Senior
28.0,Male,Bachelor's,Data Analyst,3.0,52000.0,Junior
30.0,Female,Bachelor's,Marketing Manager,4.0,57000.0,Junior
36.0,Male,PhD,Research Scientist,11.0,135000.0,Senior
27.0,Female,Bachelor's,Software Engineer,2.0,48000.0,Junior
34.0,Male,Master's,Data Scientist,9.0,125000.0,Senior
32.0,Male,Bachelor's,Marketing Manager,6.0,72000.0,Junior
39.0,Female,PhD,Research Scientist,13.0,145000.0,Senior
26.0,Male,High School,Sales Associate,2.0,31000.0,Junior
33.0,Female,Master's,Software Engineer,8.0,105000.0,Senior
28.0,Male,Bachelor's,Data Analyst,3.0,52000.0,Junior
30.0,Female,Bachelor's,Marketing Manager,4.0,57000.0,Junior
36.0,Male,PhD,Research Scientist,11.0,135000.0,Senior
27.0,Female,Bachelor's,Software Engineer,2.0,48000.0,Junior
34.0,Male,Master's,Data Scientist,9.0,125000.0,Senior
32.0,Male,Bachelor's,Marketing Manager,6.0,72000.0,Junior
39.0,Female,PhD,Research Scientist,13.0,145000.0,Senior
26.0,Male,High School,Sales Associate,2.0,31000.0,Junior
33.0,Female,Master's,Software Engineer,8.0,105000.0,Senior
28.0,Male,Bachelor's,Data Analyst,3.0,52000.0,Junior
30.0,Female,Bachelor's,Marketing Manager,4.0,57000.0,Junior
36.0,Male,PhD,Research Scientist,11.0,135000.0,Senior
27.0,Female,Bachelor's,Software Engineer,2.0,48000.0,Junior
34.0,Male,Master's,Data Scientist,9.0,125000.0,Senior
32.0,Male,Bachelor's,Marketing Manager,6.0,72000.0,Junior
39.0,Female,PhD,Research Scientist,13.0,145000.0,Senior
26.0,Male,High School,Sales Associate,2.0,31000.0,Junior
33.0,Female,Master's,Software Engineer,8.0,105000.0,Senior
28.0,Male,Bachelor's,Data Analyst,3.0,52000.0,Junior
30.0,Female,Bachelor's,Marketing Manager,4.0,57000.0,Junior
36.0,Male,PhD,Research Scientist,11.0,135000.0,Senior
27.0,Female,Bachelor's,Software Engineer,2.0,48000.0,Junior
34.0,Male,Master's,Data Scientist,9.0,125000.0,Senior
32.0,Male,Bachelor's,Marketing Manager,6.0,72000.0,Junior
39.0,Female,PhD,Research Scientist,13.0,145000.0,Senior
26.0,Male,High School,Sales Associate,2.0,31000.0,Junior
33.0,Female,Master's,Software Engineer,8.0,105000.0,Senior
28.0,Male,Bachelor's,Data Analyst,3.0,52000.0,Junior
30.0,Female,Bachelor's,Marketing Manager,4.0,57000.0,Junior
36.0,Male,PhD,Research Scientist,11.0,135000.0,Senior
27.0,Female,Bachelor's,Software Engineer,2.0,48000.0,Junior
34.0,Male,Master's,Data Scientist,9.0,125000.0,Senior
32.0,Male,Bachelor's,Marketing Manager,6.0,72000.0,Junior
39.0,Female,PhD,Research Scientist,13.0,145000.0,Senior
26.0,Male,High School,Sales Associate,2.0,31000.0,Junior
33.0,Female,Master's,Software Engineer,8.0,105000.0,Senior
28.0,Male,Bachelor's,Data Analyst,3.0,52000.0,Junior
30.0,Female,Bachelor's,Marketing Manager,4.0,57000.0,Junior
36.0,Male,PhD,Research Scientist,11.0,135000.0,Senior
27.0,Female,Bachelor's,Software Engineer,2.0,48000.0,Junior
34.0,Male,Master's,Data Scientist,9.0,125000.0,Senior
32.0,Male,Bachelor's,Marketing Manager,6.0,72000.0,Junior
39.0,Female,PhD,Research Scientist,13.0,145000.0,Senior
26.0,Male,High School,Sales Associate,2.0,31000.0,Junior
33.0,Female,Master's,Software Engineer,8.0,105000.0,Senior
28.0,Male,Bachelor's,Data Analyst,3.0,52000.0,Junior
30.0,Female,Bachelor's,Marketing Manager,4.0,57000.0,Junior
36.0,Male,PhD,Research Scientist,11.0,135000.0,Senior
27.0,Female,Bachelor's,Software Engineer,2.0,48000.0,Junior
34.0,Male,Master's,Data Scientist,9.0,125000.0,Senior
32.0,Male,Bachelor's,Marketing Manager,6.0,72000.0,Junior
39.0,Female,PhD,Research Scientist,13.0,145000.0,Senior
26.0,Male,High School,Sales Associate,2.0,31000.0,Junior
33.0,Female,Master's,Software Engineer,8.0,105000.0,Senior
28.0,Male,Bachelor's,Data Analyst,3.0,52000.0,Junior
30.0,Female,Bachelor's,Marketing Manager,4.0,57000.0,Junior
36.0,Male,PhD,Research Scientist,11.0,135000.0,Senior
27.0,Female,Bachelor's,Software Engineer,2.0,48000.0,Junior
34.0,Male,Master's,Data Scientist,9.0,125000.0,Senior
32.0,Male,Bachelor's,Marketing Manager,6.0,72000.0,Junior
39.0,Female,PhD,Research Scientist,13.0,145000.0,Senior
26.0,Male,High School,Sales Associate,2.0,31000.0,Junior
33.0,Female,Master's,Software Engineer,8.0,105000.0,Senior
28.0,Male,Bachelor's,Data Analyst,3.0,52000.0,Junior
30.0,Female,Bachelor's,Marketing Manager,4.0,57000.0,Junior
36.0,Male,PhD,Research Scientist,11.0,135000.0,Senior
27.0,Female,Bachelor's,Software Engineer,2.0,48000.0,Junior
34.0,Male,Master's,Data Scientist,9.0,125000.0,Senior
32.0,Male,Bachelor's,Marketing Manager,6.0,72000.0,Junior
39.0,Female,PhD,Research Scientist,13.0,145000.0,Senior
26.0,Male,High School,Sales Associate,2.0,31000.0,Junior
33.0,Female,Master's,Software Engineer,8.0,105000.0,Senior
28.0,Male,Bachelor's,Data Analyst,3.0,52000.0,Junior
30.0,Female,Bachelor's,Marketing Manager,4.0,57000.0,Junior
36.0,Male,PhD,Research Scientist,11.0,135000.0,Senior
27.0,Female,Bachelor's,Software Engineer,2.0,48000.0,Junior
34.0,Male,Master's,Data Scientist,9.0,125000.0,Senior
32.0,Male,Bachelor's,Marketing Manager,6.0,72000.0,Junior
39.0,Female,PhD,Research Scientist,13.0,145000.0,Senior
26.0,Male,High School,Sales Associate,2.0,31000.0,Junior
33.0,Female,Master's,Software Engineer,8.0,105000.0,Senior
28.0,Male,Bachelor's,Data Analyst,3.0,52000.0,Junior
30.0,Female,Bachelor's,Marketing Manager,4.0,57000.0,Junior
36.0,Male,PhD,Research Scientist,11.0,135000.0,Senior
27.0,Female,Bachelor's,Software Engineer,2.0,48000.0,Junior
34.0,Male,Master's,Data Scientist,9.0,125000.0,Senior
32.0,Male,Bachelor's,Marketing Manager,6.0,72000.0,Junior
39.0,Female,PhD,Research Scientist,13.0,145000.0,Senior
26.0,Male,High School,Sales Associate,2.0,31000.0,Junior
33.0,Female,Master's,Software Engineer,8.0,105000.0,Senior
28.0,Male,Bachelor's,Data Analyst,3.0,52000.0,Junior
30.0,Female,Bachelor's,Marketing Manager,4.0,57000.0,Junior
36.0,Male,PhD,Research Scientist,11.0,135000.0,Senior
27.0,Female,Bachelor's,Software Engineer,2.0,48000.0,Junior
26.0,Male,Bachelor's,Product Marketing Manager,5.0,85000.0,Senior
21.0,Female,High School,Sales Representative,0.0,25000.0,Junior
26.0,Male,Bachelor's,Product Marketing Manager,5.0,85000.0,Senior
21.0,Female,High School,Sales Representative,0.0,25000.0,Junior
26.0,Male,Bachelor's,Product Marketing Manager,5.0,85000.0,Senior
21.0,Female,High School,Sales Representative,0.0,25000.0,Junior
26.0,Male,Bachelor's,Product Marketing Manager,5.0,85000.0,Senior
21.0,Female,High School,Sales Representative,0.0,25000.0,Junior
26.0,Male,Bachelor's,Product Marketing Manager,5.0,85000.0,Senior
21.0,Female,High School,Sales Representative,0.0,25000.0,Junior
26.0,Male,Bachelor's,Product Marketing Manager,5.0,85000.0,Senior
21.0,Female,High School,Sales Representative,0.0,25000.0,Junior
26.0,Male,Bachelor's,Product Marketing Manager,5.0,85000.0,Senior
21.0,Female,High School,Sales Representative,0.0,25000.0,Junior
26.0,Male,Bachelor's,Product Marketing Manager,5.0,85000.0,Senior
21.0,Female,High School,Sales Representative,0.0,25000.0,Junior
26.0,Male,Bachelor's,Product Marketing Manager,5.0,85000.0,Senior
21.0,Female,High School,Sales Representative,0.0,25000.0,Junior
26.0,Male,Bachelor's,Product Marketing Manager,5.0,85000.0,Senior
29.0,Male,Bachelor's,Product Marketing Manager,6.0,100000.0,Senior
26.0,Male,Bachelor's,Product Marketing Manager,5.0,85000.0,Senior
21.0,Female,High School,Sales Representative,0.0,25000.0,Junior
26.0,Male,Bachelor's,Product Marketing Manager,5.0,85000.0,Senior
21.0,Female,High School,Sales Representative,0.0,25000.0,Junior
26.0,Male,Bachelor's,Product Marketing Manager,5.0,85000.0,Senior
21.0,Female,High School,Sales Representative,0.0,25000.0,Junior
26.0,Male,Bachelor's,Product Marketing Manager,5.0,85000.0,Senior
21.0,Female,High School,Sales Representative,0.0,25000.0,Junior
26.0,Male,Bachelor's,Product Marketing Manager,5.0,85000.0,Senior
21.0,Female,High School,Sales Representative,0.0,25000.0,Junior
26.0,Male,Bachelor's,Product Marketing Manager,5.0,85000.0,Senior
21.0,Female,High School,Sales Representative,0.0,25000.0,Junior
26.0,Male,Bachelor's,Product Marketing Manager,5.0,85000.0,Senior
21.0,Female,High School,Sales Representative,0.0,25000.0,Junior
26.0,Male,Bachelor's,Product Marketing Manager,5.0,85000.0,Senior
21.0,Female,High School,Sales Representative,0.0,25000.0,Junior
26.0,Male,Bachelor's,Product Marketing Manager,5.0,85000.0,Senior
21.0,Female,High School,Sales Representative,0.0,25000.0,Junior
42.0,Male,Master's,Software Engineer,18.0,180000.0,Senior
25.0,Male,Bachelor's,Software Engineer,1.0,55000.0,Junior
25.0,Male,Bachelor's,Software Engineer,1.0,55000.0,Junior
42.0,Male,Master's,Software Engineer,18.0,180000.0,Senior
25.0,Male,Bachelor's,Software Engineer,1.0,55000.0,Junior
25.0,Male,Bachelor's,Software Engineer,1.0,55000.0,Junior
42.0,Male,Master's,Software Engineer,18.0,180000.0,Senior
25.0,Male,Bachelor's,Software Engineer,1.0,55000.0,Junior
25.0,Male,Bachelor's,Software Engineer,1.0,55000.0,Junior
42.0,Male,Master's,Software Engineer,18.0,180000.0,Senior
25.0,Male,Bachelor's,Software Engineer,1.0,55000.0,Junior
25.0,Male,Bachelor's,Software Engineer,1.0,55000.0,Junior
42.0,Male,Master's,Software Engineer,18.0,180000.0,Senior
43.0,Male,Master's,Software Engineer,19.0,185000.0,Senior
26.0,Male,Bachelor's,Software Engineer,1.0,55000.0,Junior
26.0,Male,Bachelor's,Software Engineer,1.0,55000.0,Junior
43.0,Male,Master's,Software Engineer,19.0,185000.0,Senior
26.0,Male,Bachelor's,Software Engineer,1.0,55000.0,Junior
26.0,Male,Bachelor's,Software Engineer,1.0,55000.0,Junior
43.0,Male,Master's,Software Engineer,19.0,185000.0,Senior
26.0,Male,Bachelor's,Software Engineer,1.0,55000.0,Junior
26.0,Male,Bachelor's,Software Engineer,1.0,55000.0,Junior
43.0,Male,Master's,Software Engineer,19.0,185000.0,Senior
26.0,Male,Bachelor's,Software Engineer,1.0,55000.0,Junior
26.0,Male,Bachelor's,Software Engineer,1.0,55000.0,Junior
43.0,Male,Master's,Software Engineer,19.0,185000.0,Senior
41.0,Male,Master's,Software Engineer,19.0,185000.0,Senior
27.0,Male,Bachelor's,Software Engineer,1.0,55000.0,Junior
27.0,Male,Bachelor's,Software Engineer,1.0,55000.0,Junior
41.0,Male,Master's,Software Engineer,19.0,185000.0,Senior
27.0,Male,Bachelor's,Software Engineer,1.0,55000.0,Junior
27.0,Male,Bachelor's,Software Engineer,1.0,55000.0,Junior
41.0,Male,Master's,Software Engineer,19.0,185000.0,Senior
27.0,Male,Bachelor's,Software Engineer,1.0,55000.0,Junior
27.0,Male,Bachelor's,Software Engineer,1.0,55000.0,Junior
41.0,Male,Master's,Software Engineer,19.0,185000.0,Senior
27.0,Male,Bachelor's,Software Engineer,1.0,55000.0,Junior
27.0,Male,Bachelor's,Software Engineer,1.0,55000.0,Junior
41.0,Male,Master's,Software Engineer,19.0,185000.0,Senior
50.0,Male,PhD,Product Marketing Manager,15.0,150000.0,Senior
35.0,Female,Bachelor's,Sales Representative,2.0,35000.0,Junior
47.0,Male,PhD,Product Marketing Manager,17.0,170000.0,Senior
32.0,Female,Bachelor's,Sales Representative,3.0,40000.0,Junior
46.0,Female,PhD,Product Marketing Manager,16.0,160000.0,Senior
33.0,Male,Bachelor's,Sales Representative,4.0,55000.0,Junior
50.0,Male,PhD,Product Marketing Manager,15.0,150000.0,Senior
36.0,Female,Bachelor's,Sales Representative,2.0,35000.0,Junior
33.0,Female,PhD,Product Marketing Manager,5.0,70000.0,Senior
28.0,Male,Bachelor's,Sales Representative,1.0,30000.0,Junior
47.0,Male,PhD,Product Marketing Manager,17.0,170000.0,Senior
31.0,Female,Bachelor's,Sales Representative,3.0,40000.0,Junior
35.0,Male,PhD,Product Marketing Manager,8.0,80000.0,Senior
47.0,Male,PhD,Product Marketing Manager,17.0,170000.0,Senior
31.0,Female,High School,Sales Representative,3.0,40000.0,Junior
48.0,Female,PhD,Product Marketing Manager,19.0,190000.0,Senior
31.0,Male,High School,Sales Representative,3.0,40000.0,Junior
50.0,Female,Master's,Product Marketing Manager,18.0,180000.0,Senior
36.0,Male,Bachelor's,Sales Representative,3.0,45000.0,Junior
35.0,Female,PhD,Product Marketing Manager,9.0,95000.0,Senior
48.0,Female,PhD,Product Marketing Manager,17.0,170000.0,Senior
35.0,Female,PhD,Product Marketing Manager,9.0,95000.0,Senior
48.0,Female,PhD,Product Marketing Manager,17.0,170000.0,Senior
35.0,Female,PhD,Product Marketing Manager,9.0,95000.0,Senior
48.0,Female,PhD,Product Marketing Manager,17.0,170000.0,Senior
35.0,Female,PhD,Product Marketing Manager,9.0,95000.0,Senior
48.0,Female,PhD,Product Marketing Manager,17.0,170000.0,Senior
35.0,Female,PhD,Product Marketing Manager,9.0,95000.0,Senior
48.0,Female,PhD,Product Marketing Manager,17.0,170000.0,Senior
35.0,Female,PhD,Product Marketing Manager,9.0,95000.0,Senior
31.0,Male,PhD,Product Marketing Manager,7.0,90000.0,Senior
48.0,Female,PhD,Product Marketing Manager,19.0,190000.0,Senior
31.0,Male,High School,Sales Representative,3.0,40000.0,Junior
50.0,Female,Master's,Product Marketing Manager,18.0,180000.0,Senior
36.0,Male,Bachelor's,Sales Representative,3.0,45000.0,Junior
35.0,Female,PhD,Product Marketing Manager,9.0,95000.0,Senior
48.0,Female,PhD,Product Marketing Manager,17.0,170000.0,Senior
35.0,Female,PhD,Product Marketing Manager,9.0,95000.0,Senior
48.0,Female,PhD,Product Marketing Manager,17.0,170000.0,Senior
35.0,Female,PhD,Product Marketing Manager,9.0,95000.0,Senior
48.0,Female,PhD,Product Marketing Manager,17.0,170000.0,Senior
35.0,Female,PhD,Product Marketing Manager,9.0,95000.0,Senior
48.0,Female,PhD,Product Marketing Manager,17.0,170000.0,Senior
35.0,Female,PhD,Product Marketing Manager,9.0,95000.0,Senior
48.0,Female,PhD,Product Marketing Manager,17.0,170000.0,Senior
35.0,Female,PhD,Product Marketing Manager,9.0,95000.0,Senior
48.0,Female,PhD,Product Marketing Manager,17.0,170000.0,Senior
32.0,Male,PhD,Product Marketing Manager,8.0,80000.0,Senior
49.0,Female,PhD,Product Marketing Manager,20.0,200000.0,Senior
32.0,Male,High School,Sales Representative,3.0,40000.0,Junior
51.0,Female,Master's,Product Marketing Manager,19.0,190000.0,Senior
37.0,Male,Bachelor's,Sales Representative,6.0,75000.0,Junior
36.0,Female,PhD,Product Marketing Manager,10.0,100000.0,Senior
49.0,Female,PhD,Product Marketing Manager,20.0,200000.0,Senior
32.0,Male,High School,Sales Representative,3.0,40000.0,Junior
51.0,Female,Master's,Product Marketing Manager,19.0,190000.0,Senior
37.0,Male,Bachelor's,Sales Representative,6.0,75000.0,Junior
36.0,Female,PhD,Product Marketing Manager,10.0,100000.0,Senior
49.0,Female,PhD,Product Marketing Manager,20.0,200000.0,Senior
32.0,Male,High School,Sales Representative,3.0,40000.0,Junior
51.0,Female,Master's,Product Marketing Manager,19.0,190000.0,Senior
37.0,Male,Bachelor's,Sales Representative,6.0,75000.0,Junior
36.0,Female,PhD,Product Marketing Manager,10.0,100000.0,Senior
49.0,Female,PhD,Product Marketing Manager,20.0,200000.0,Senior
32.0,Male,High School,Sales Representative,3.0,40000.0,Junior
51.0,Female,Master's,Product Marketing Manager,19.0,190000.0,Senior
37.0,Male,Bachelor's,Sales Representative,6.0,75000.0,Junior
